:START_ID(Track),:END_ID(Tag)
141345853,#ikaoss
141345662,#ikaoss
256833409,(sountrack)
256833696,(sountrack)
256833249,(sountrack)
255530373,10
255530371,10
255530366,10
250608068,10
256361516,10 дней
257191295,120bpm
222848819,12strings guitar
257195735,130
146449263,1980
251910887,1991-2006
231490652,1992
212822854,1η δημοτικού
257193202,2
251122492,2005-2009
251122489,2005-2009
251122490,2005-2009
251122487,2005-2009
251122485,2005-2009
251122483,2005-2009
251122482,2005-2009
251122479,2005-2009
251122477,2005-2009
251122474,2005-2009
251122473,2005-2009
251122471,2005-2009
251122469,2005-2009
251122470,2005-2009
251122464,2005-2009
251122467,2005-2009
251122458,2005-2009
251122461,2005-2009
251122457,2005-2009
251122455,2005-2009
251122452,2005-2009
251122450,2005-2009
251122447,2005-2009
251122443,2005-2009
251122442,2005-2009
251122439,2005-2009
61997923,2012
46739793,2012
185745812,2015 mix
257190839,2016
257188155,2016
250647945,2016
257196161,2016
257194795,2016
255530366,2016.03.10
255530373,2016.03.18
255530371,2016.03.25
254947710,2016.3.10
254947694,2016.3.17
254947809,2016.3.23
257186624,2017
257186624,2018
257186624,2019
254947809,21
254947710,21
254947694,21
251956940,21
250620379,21
257186624,23
245986776,2人組　r&b
257193593,420
256747484,610 
257186624,808mafia
146449263,80s
146449263,84
163369703,885fm
231490652,90s
229789150,97.1
257193202,98
250481737,?!
250964972,a
250964677,a
250982784,"a sandy, scarlet-colored beach"
221365838,a-capella
226605701,a.y.a
133919862,about tess
256833051,abstract
254994065,abstract comedy
249965721,abstrakt
208856350,accordion
257187861,acid
257187854,acid
257187847,acid
257187840,acid
257187834,acid
257187818,acid
257187805,acid
257187796,acid
257187787,acid
257187768,acid
257187758,acid
257187751,acid
257187745,acid
257187739,acid
257187728,acid
257187718,acid
257187709,acid
257187699,acid
242877065,acid
242877061,acid
188816962,acidhouse
257193544,acoustic
230048835,acoustic
229085784,acoustic
257196161,acoustic
38535954,acoustic
222848819,acoustic guitar
187640615,activism
257174300,adamkilter
257186926,adeal
257188874,adidas
253646564,aesthetic
244985473,afghanistan
257030593,afl
256533651,african
229789150,aftershow
167332573,ainu
163369703,ainu
204112476,akb48
253874925,akiharu
255460235,akira
85935970,akira
188375605,akirayamaoka
236144460,alan lomax
257194358,album
146516758,album
211192272,alive
80620629,almaty
167332573,altai
163369703,altai
257193544,alternative
257187861,alternative
257187854,alternative
257187847,alternative
257187840,alternative
257187834,alternative
257187818,alternative
257187805,alternative
257187796,alternative
257187787,alternative
257187768,alternative
257187758,alternative
257187751,alternative
257187745,alternative
257187739,alternative
257187728,alternative
257187718,alternative
257187709,alternative
257187699,alternative
240001652,alternative
251122492,alternative
251122489,alternative
251122490,alternative
251122487,alternative
251122485,alternative
251122483,alternative
251122482,alternative
251122479,alternative
251122477,alternative
251122474,alternative
251122473,alternative
251122471,alternative
251122469,alternative
251122470,alternative
251122464,alternative
251122467,alternative
251122458,alternative
251122461,alternative
251122457,alternative
251122455,alternative
251122452,alternative
251122450,alternative
251122447,alternative
251122443,alternative
251122442,alternative
251122439,alternative
144819061,alternative
236361581,alternative
250295038,alternative country
256533651,alternative pop
257191968,alto
256705153,amalia
257194258,ambiance
257188874,ambience
256833077,ambient
256833051,ambient
256832891,ambient
257193831,ambient
257193544,ambient
257193386,ambient
257193296,ambient
257193202,ambient
257193907,ambient
257193005,ambient
257192771,ambient
257192266,ambient
257191295,ambient
257190839,ambient
257189489,ambient
257189240,ambient
257189236,ambient
257188874,ambient
257188273,ambient
257188172,ambient
257188155,ambient
257187919,ambient
257187861,ambient
257187854,ambient
257187847,ambient
257187840,ambient
257187834,ambient
257187818,ambient
257187805,ambient
257187796,ambient
257187787,ambient
257187768,ambient
257187766,ambient
257187758,ambient
257187751,ambient
257187745,ambient
257187739,ambient
257187728,ambient
257187718,ambient
257187709,ambient
257187699,ambient
257187693,ambient
257187686,ambient
257187420,ambient
239647486,ambient
231232442,ambient
256955992,ambient
256923415,ambient
253750016,ambient
250572388,ambient
202494259,ambient
168043539,ambient
163369703,ambient
188375605,ambient
184526847,ambient
163655923,ambient
144819061,ambient
257196161,ambient
257196017,ambient
257194795,ambient
257194753,ambient
257194258,ambient
135132526,ambient
193703486,ambient
86853702,ambient
86852073,ambient
86816958,ambient
195067709,ambient
134039917,ambient
89861622,ambient
75012626,ambient
40907290,ambient
26973030,ambient
257187390,ambient nature
250797863,amenbreak
246923290,amourfou
86853702,and
86852073,and
230048835,angel wings
151483002,angelite
170470157,angelite voices
253636635,anime
252914740,anime
250324283,anime
220251658,anime
201484300,anime
77922756,anime
75954996,anime
38765093,anime
38535954,anime
38765093,anime music
250324283,anime song
168444795,anime song
220250038,anime-song
77922756,animesong
250324283,anison
168444795,anison
168444795,anison_index
77922756,anison_index
75954996,anison_index
236144460,ann arbor
242877065,anorak
242877061,anorak
255734415,anthem
250647945,anthem
251910887,anthem
257015241,aomori noise
257014087,aomori noize
134039917,aqua
256407906,araas min tevreech
250647945,arhi
250647945,arkhi
257188273,art
250300478,art
251635798,art music
250647945,artist
236144460,artist
257196047,artist
257194358,artist
257193202,asap
123627621,ascalypso
123627191,ascalypso
168043539,asheville
256571669,asia
255734415,asia
251129930,asia
251129928,asia
251129926,asia
251129925,asia
250647945,asia
252301618,asia tour
255734415,asian
250647945,asian
244886400,asian
257153088,asleep
257149263,asleep
256566713,asleep
255874649,asleep
255455671,asleep
254882775,asleep
254326253,asleep
253644207,asleep
252427910,asleep
252042991,asleep
251256223,asleep
250886239,asleep
250084005,asleep
248926375,asleep
248591252,asleep
247745265,asleep
247431264,asleep
246788474,asleep
246253175,asleep
245464013,asleep
245114370,asleep
244277221,asleep
243946486,asleep
243102663,asleep
242830187,asleep
228338707,asmr
257153088,asmr
257149263,asmr
256566713,asmr
255874649,asmr
255503841,asmr
255455671,asmr
254882775,asmr
254326253,asmr
253693788,asmr
253644207,asmr
252427910,asmr
252042991,asmr
251713139,asmr
251256223,asmr
250886239,asmr
250567933,asmr
250084005,asmr
249724072,asmr
249267251,asmr
248926375,asmr
248591252,asmr
248255627,asmr
248223126,asmr
247745265,asmr
247431264,asmr
247057414,asmr
246791084,asmr
246788474,asmr
246572593,asmr
246253175,asmr
245942751,asmr
245464013,asmr
245114370,asmr
244745330,asmr
244277221,asmr
243946486,asmr
243604987,asmr
243102663,asmr
242830187,asmr
242428399,asmr
229336704,asmrnewscast
257103470,assenatormusic
215084872,asuka
251643481,athina
251632692,"athina, #mosxato"
210728127,athnasiadis
257122912,atl
251919847,atl hip hop
251919847,atlanta
229789150,atlanta
257190566,atmosphere
257189825,atmosphere
257189978,atmospheric
239647486,atmospheric
195067709,atmospheric
253874925,attack
252132694,audio
251989176,audio
257196161,audio
255717086,audio content
255716982,audio content
255716794,audio content
250396371,audiocopy
180050490,audiocopy
229789150,autumn
257193344,avilaflow
255460235,avril
170354974,ayahuasca
229789150,b1
223162043,back in love
195067709,background
250964762,backwards
250647945,badass
256105671,band
257194358,band
230325095,bank
256850229,based
257193772,basketball
257105840,basketball
256833077,bass
257191213,bass
257191138,bass
257187861,bass
257187854,bass
257187847,bass
257187840,bass
257187834,bass
257187818,bass
257187805,bass
257187796,bass
257187787,bass
257187768,bass
257187758,bass
257187751,bass
257187745,bass
257187739,bass
257187728,bass
257187718,bass
257187709,bass
257187699,bass
245719357,bass
248021206,bass
203456044,bass
177677493,bass
155680062,bass
194356911,bass
257194397,bass
257194358,bass
257193593,bass
86853702,bass
86852073,bass
86816958,bass
195067709,bass
255292511,bass 
242877065,bass works recordings
242877061,bass works recordings
244855022,bassmusic
195974791,beat
257196047,beat
257195890,beat
257194358,beat
257194258,beat
257186624,beat
257186624,beatmaker
257193202,beats
257190839,beats
251129930,beats
251129928,beats
251129926,beats
251129925,beats
242267303,beats
195974791,beats
236478045,beats
257196123,beats
257195255,beats
257194980,beats
135132526,beautiful
75012626,beautiful
38535954,bedroompop
257153088,bedtime story
257149263,bedtime story
256566713,bedtime story
255874649,bedtime story
255503841,bedtime story
255455671,bedtime story
254882775,bedtime story
254326253,bedtime story
253693788,bedtime story
253644207,bedtime story
252427910,bedtime story
252042991,bedtime story
251713139,bedtime story
251256223,bedtime story
250886239,bedtime story
250567933,bedtime story
250084005,bedtime story
249724072,bedtime story
249267251,bedtime story
248926375,bedtime story
248591252,bedtime story
248255627,bedtime story
248223126,bedtime story
247745265,bedtime story
247431264,bedtime story
247057414,bedtime story
246791084,bedtime story
246788474,bedtime story
246572593,bedtime story
246253175,bedtime story
245942751,bedtime story
245464013,bedtime story
245114370,bedtime story
244745330,bedtime story
244277221,bedtime story
243946486,bedtime story
243604987,bedtime story
243102663,bedtime story
242830187,bedtime story
242428399,bedtime story
250938907,bemani
127590262,benn andrei caldeo
229789150,best
255240363,best trap
256291725,better than last
119289612,bhangra
257193071,big room
257193470,biology
60682445,birthday
257196161,bits
255869714,black
257148992,black metal
208777047,black noise
257186404,black sabbath
257191302,bloody
231490652,blues
236144460,blues
256443103,blues
256371296,blues
255982710,blues
253985174,blues
252197109,blues
250478980,blues
257153884,blues
135132526,blueskay
252585637,bms
253773927,bmw
86851079,bob marley
256755453,bogaloo
86816958,bollywood
203456044,bond
229789150,bond
210596867,boogiewoogie
257107244,boom bap
185745812,boston hassle
221361754,boyfriend
257173951,brasil
257173947,brasil
257173943,brasil
257173938,brasil
239636867,brat&co
221361754,break up
151869384,breakbeat
209433312,breakbeat
250797863,breakcore
52724544,breakcore
236478045,breakfast
255503841,breaking bad
253693788,breaking bad
251713139,breaking bad
250567933,breaking bad
249267251,breaking bad
248255627,breaking bad
247057414,breaking bad
245942751,breaking bad
244745330,breaking bad
243604987,breaking bad
242428399,breaking bad
216807234,breaks
152787868,brian
255716794,bright
251989176,bright 
255717086,bright mongolia
255716982,bright mongolia
252132694,bright mongolia
257193494,bro code
257187883,bromalgamate au
86816958,bronzi
86853702,"bronzi,"
86852073,"bronzi,"
256682570,bros
256682570,brosrecords
235535161,brushing my hair
157379924,bss
251632692,bubblemaker
86853771,buddha
86853702,"buddha,"
86852073,"buddha,"
256705153,buddhism
256533651,bulgarian
151483002,bulgarian
161932983,bulsara
184196281,bunkai
252132694,burjak
257107244,buster wolf
254994065,but
193703486,but i cant
251909251,cabinfever
86853771,calabria
86853702,calabria
86852073,calabria
86851079,calabria
86816958,calabria
86853702,calabrian
86852073,calabrian
86816958,calabrian
256850229,california
257194358,california
257194258,california
257191213,calm
257188273,calm
257194947,calm
237669905,cannon
253985136,car
210725191,carbon footprint
86853702,catanzaro
86852073,catanzaro
86816958,catanzaro
257193071,cats
257186926,cats
257186624,cats
257161971,cats
257148992,cats
257122912,cats
250964972,cause
252218519,cdj mix
251995445,celebimusic
251995205,celebimusic
251994869,celebimusic
81889006,cello
257196017,cello
184196281,chado
257193202,chains
256571669,chair
231490652,chante moore
231490652,chanté moore
257103381,chapel
256476011,character theme
235535161,chicago
236144460,chicago
255869714,chikai
251632692,children games
257193064,chill
257189236,chill
257188273,chill
256407906,chill
255292511,chill
250647945,chill
177677493,chill
257196567,chill
257196161,chill
257196123,chill
257196077,chill
257196047,chill
257196017,chill
257195890,chill
257195735,chill
257195707,chill
257195645,chill
257195630,chill
257195255,chill
257195196,chill
257194980,chill
257194958,chill
257194947,chill
257194795,chill
257194753,chill
257194397,chill
257194358,chill
257194258,chill
257194054,chill
257193593,chill
75012626,chill
38535954,chill
257193907,chillout
257193064,chillout
257192124,chillout
257188172,chillout
257036440,chillout
257019472,chillout
256682570,chillout
204503165,chillout
155680062,chillout
257196017,chillout
257195890,chillout
257195196,chillout
257194258,chillout
93059200,chillout
75012626,chillout
257187686,chillstep
172612775,chillstep
155680062,chillstep
195974791,chillstep
257194753,chillstep
212905359,chilltrap
257187919,chillwave
202868351,chillwave
200086439,chillwave
195974791,chillwave
257041560,china
251129930,china
251129928,china
251129926,china
251129925,china
244985473,china
208856350,chindon
110402148,chochmat halev
60682445,choi
257191968,choir
151483002,choirs
257191968,choral
255242537,christian
225787208,christian
171624773,christos d katsanos
225787208,church
255869714,chuuon
86853702,cicala
86852073,cicala
86816958,cicala
249290398,cill
251771682,circle of hearts
256833076,citytransplants
81889006,classic
257188155,classical
253985136,classical
81889006,classical
257196123,classicminds
257195255,classicminds
257194980,classicminds
256747484,cling
251919847,clip monstar
224892639,cloud
250396371,cloudseeder
180050490,cloudseeder
257194358,club
257194258,coast
257122912,cobain
257186624,codeina
26973030,cold
257193202,cole
236144460,coley
236144460,colin
233037625,colombani
251919847,colombia
25163336,comands
257193494,comedy
257193288,comedy
254994065,comedy
157191066,comepostmodern
157191065,comepostmodern
157191064,comepostmodern
157191061,comepostmodern
157191056,comepostmodern
157191058,comepostmodern
257188874,commercial
195067709,commercial
257041585,commercial
254994065,comody
256705153,compassion
257102152,complete hp lovecraft
257102152,complete lovecraft
175001111,complextro
195067709,computers
195067709,concentration
200086439,conhanh
251771682,consciousness
170354974,consciousness
257193800,contact
151181840,contemporary
250300478,contemporary music
257193288,conversation
257191213,cool
257194358,cool
195067709,corporate
86853702,cosenza
86852073,cosenza
86816958,cosenza
256288185,cosmop
25163336,cosmos
193703486,country
223162043,country music
236355729,cover
231490652,cover
256288185,cover
255869714,cover
253874925,cover
252914740,cover
251170283,cover
250982784,cover
250415842,cover
193440755,cover
230025586,cover
127590262,cover
256805919,crazy
257193593,crazy
86853702,crotone
86852073,crotone
253796044,crunk mix
254586921,cry_musicp/じゅんせい
86853702,cs
86852073,cs
256648377,csis
256571669,csis
257102152,ctulhu
195559521,cucine
257026432,culture
256755453,cumbia
257193071,cute
257191302,cygnus
251919847,cyhi the prince
86853702,cz
86852073,cz
86816958,cz
250954396,côco
252218519,d&b
257193772,d'angelo russell
254994065,dada
254994065,dada art
86851079,damian marley
257191213,dance
257187861,dance
257187854,dance
257187847,dance
257187840,dance
257187834,dance
257187818,dance
257187805,dance
257187796,dance
257187787,dance
257187768,dance
257187758,dance
257187751,dance
257187745,dance
257187739,dance
257187728,dance
257187718,dance
257187709,dance
257187699,dance
228026661,dance
257194358,dance
257193593,dance
257186624,dance
257195707,dance & edm
228026661,dance pop
223162043,dance songs
257186624,dancehall
257193005,dark
97263324,dark
26973030,dark
257190728,dark ambient
252218519,dark droid & daito
257195630,dark sky
257193005,darkambient
151869384,darkstep
257028126,darkwave
253874925,dawn
257193064,dayaftera
236144460,deaf
52724544,deathmetal
257193494,debate
231238567,deejay
257193637,deep
257189240,deep
257187861,deep
257187854,deep
257187847,deep
257187840,deep
257187834,deep
257187818,deep
257187805,deep
257187796,deep
257187787,deep
257187768,deep
257187758,deep
257187751,deep
257187745,deep
257187739,deep
257187728,deep
257187718,deep
257187709,deep
257187699,deep
195067709,deep
26973030,deep
257161971,deep
257193637,deep house
256854996,deep house
257036440,delhii
257019472,delhii
256682570,delhii
172612775,demons
63035153,dempa
63035153,denkyun
63035153,denpa
157191066,department
157191065,department
157191064,department
157191061,department
157191056,department
157191058,department
257188874,desert
207602898,desert
257193800,design
195067709,design
257103470,desihiphop
256747484,dessinger
256705153,dharma
223844458,diergo
212822854,diet
195067709,digital
52724544,digitalhardcore
46739793,digo firedept
257186624,diplo
257196123,directorscut
200086439,dirty
239179203,dirty south
251643481,discover scuba
257173951,distúrbio feminino
257173947,distúrbio feminino
257173943,distúrbio feminino
257173938,distúrbio feminino
251643481,diving
246133850,dj
256291725,dj
231238567,dj
257194397,dj
257194358,dj
257194258,dj
86853771,dj
86853702,dj
86852073,dj
86851079,dj
257193071,dj
257186624,dj
250409463,dj eku
250324283,dj mix
105702787,dj mix
256407906,dj teki
256291725,dj teki
257192771,djent
252585637,djmax
250722616,djmix
220251658,djmix
171624773,dkg consulting
171624773,dkg group
248021206,dm
257194397,dnb
257193071,dogs
257186926,dogs
251643481,dokimastiki katadysi
188816962,dolphinenergy
188816962,dolpins
246133850,dont
257191213,dope
250647945,dope
194356911,dope
188816962,dope
188375605,dope
257193071,dope
251919847,dotgatsby
251576876,doulos
257194258,download
257189489,downtempo
257189236,downtempo
255292511,downtempo
177677493,downtempo
168043539,downtempo
257196017,downtempo
257194258,downtempo
135132526,downtempo
257103470,drassenator
251632692,drastiriotites gia paidia
252525132,dream
208908338,dream
257196017,dream
160186786,dream
157222417,dream
146449263,dreamin
85935970,dreampop
257193071,dreams
257194358,dreamtranced
257193386,drone
257187462,drone
167332573,drone
163369703,drone
40907290,drone
167790568,drone 'n' roll
256955992,drop
257122912,drugs
163655923,drugsareyourfriends
257191138,drum
86853702,drum
86852073,drum
86816958,drum
256833077,drum & bass
244855022,drum & bass
203456044,drum & bass
86853771,drum & bass
257194397,drum and bass
86851079,drum and bass
194356911,drumnbass
257191213,drums
208856350,drums
195067709,drums
257194397,drumstep
64142791,dsempre
61997923,dsempre cafe musical
46739793,dsempre cafe musical
69158319,dsemprecafe
246133850,dstm
257189240,dub
255292511,dub
177677493,dub
155680062,dub
224300739,dubplate
257187686,dubstep
257187420,dubstep
255734415,dubstep
253985136,dubstep
244038145,dubstep
151869384,dubstep
257194397,dubstep
257194054,dubstep
257193593,dubstep
175001111,dubstep
86853771,dubstep
86853702,dubstep
86852073,dubstep
86851079,dubstep
86816958,dubstep
181425566,dubstep
224300739,dubwise
257189009,ducks
257191968,duet
253874925,duke
236144460,dying
256805919,e1m1
214049373,eastcoast
257193831,easy
256885345,ecstatic dance
257191213,edm
257187861,edm
257187854,edm
257187847,edm
257187840,edm
257187834,edm
257187818,edm
257187805,edm
257187796,edm
257187787,edm
257187768,edm
257187758,edm
257187751,edm
257187745,edm
257187739,edm
257187728,edm
257187718,edm
257187709,edm
257187699,edm
257099588,edm
253785631,edm
242267303,edm
257196047,edm
257194397,edm
257194258,edm
257193593,edm
175001111,edm
257186624,edm
257148992,edm
163369703,edmonton
257188874,eerie
200086439,eisenbahnstr
60682445,ejong
257028597,el poco maro
257193593,electric
257187861,electro
257187854,electro
257187847,electro
257187840,electro
257187834,electro
257187818,electro
257187805,electro
257187796,electro
257187787,electro
257187768,electro
257187758,electro
257187751,electro
257187745,electro
257187739,electro
257187728,electro
257187718,electro
257187709,electro
257187699,electro
256980827,electro
241834043,electro
241832702,electro
237321213,electro
237310573,electro
232687277,electro
232685817,electro
228026661,electro
228025975,electro
223358440,electro
223304966,electro
236144460,electro
225846039,electro
194356911,electro
188816962,electro
163655923,electro
85935970,electro
257196161,electro
175001111,electro
257157587,electro
257194397,electro house
257111882,electrofunk
256833051,electronic
257193771,electronic
257191213,electronic
257188172,electronic
257187919,electronic
257187861,electronic
257187854,electronic
257187847,electronic
257187840,electronic
257187834,electronic
257187818,electronic
257187805,electronic
257187796,electronic
257187787,electronic
257187768,electronic
257187758,electronic
257187751,electronic
257187745,electronic
257187739,electronic
257187728,electronic
257187718,electronic
257187709,electronic
257187699,electronic
257187686,electronic
257036440,electronic
257019472,electronic
255292511,electronic
250978532,electronic
251796033,electronic
242267303,electronic
207602898,electronic
203456044,electronic
177677493,electronic
172612775,electronic
163369703,electronic
188375605,electronic
184526847,electronic
257196161,electronic
257196017,electronic
257195707,electronic
257194397,electronic
257194358,electronic
257194258,electronic
86853771,electronic
86853702,electronic
86852073,electronic
86816958,electronic
195067709,electronic
93059200,electronic
75012626,electronic
40907290,electronic
129636775,electronic
167790568,electronic
257036440,electronic pop
257189240,electronica
257187861,electronica
257187854,electronica
257187847,electronica
257187840,electronica
257187834,electronica
257187818,electronica
257187805,electronica
257187796,electronica
257187787,electronica
257187768,electronica
257187758,electronica
257187751,electronica
257187745,electronica
257187739,electronica
257187728,electronica
257187718,electronica
257187709,electronica
257187699,electronica
251635798,electronica
236144460,electronica
257194397,electronica
257196017,electrosymphonic
257186624,eleganster
250722616,elli-rose
250722616,elliarakawa
250954396,embolada
257194358,emerging
257193544,emo
257187861,emo
257187854,emo
257187847,emo
257187840,emo
257187834,emo
257187818,emo
257187805,emo
257187796,emo
257187787,emo
257187768,emo
257187758,emo
257187751,emo
257187745,emo
257187739,emo
257187728,emo
257187718,emo
257187709,emo
257187699,emo
256105671,emo
257191138,emotional
251643481,empeiria katadysis
256571669,energy and geopolitics
221365838,england
221361754,england
257103381,english
216807234,enkh jargal
152787868,eno
170354974,entheogens
250647945,epic
257194358,epic
220590714,episode 1
241397997,ert
238926729,ert
236926450,ert
204143981,especia
204112476,especia
257193771,etc
257193831,ethnic
253785631,ethnic
207602898,ethnic
93059200,ethnic
257036440,ethno
257019472,ethno
256682570,ethno
255292511,ethno
207602898,ethno
177677493,ethno
155680062,ethno
86816958,ethno
247996310,etran finatawa
247654227,eugenfoundation
244985473,europe
254994065,ever written
229789150,evr
250481737,exclusive
134039917,experiment
256832891,experimental
257189240,experimental
257187919,experimental
257187861,experimental
257187854,experimental
257187847,experimental
257187840,experimental
257187834,experimental
257187818,experimental
257187805,experimental
257187796,experimental
257187787,experimental
257187768,experimental
257187766,experimental
257187758,experimental
257187751,experimental
257187745,experimental
257187739,experimental
257187728,experimental
257187718,experimental
257187709,experimental
257187699,experimental
256558707,experimental
250300478,experimental
167332573,experimental
163369703,experimental
151181840,experimental
194356911,experimental
188816962,experimental
188375605,experimental
184526847,experimental
163655923,experimental
146121560,experimental
85935970,experimental
238163226,experimental
237267367,experimental
224892639,experimental
69158319,experimental
254994065,explicit
257193288,explodeded
256558707,extended
231224834,ezoordie!
85935970,f
38535954,faber
251919847,fabolous
251643481,faliro
251632692,faliro
256288185,fantasy
253874925,fantasy
238163226,fantasy
223162043,feel good songs
250964762,feels
86853771,ferdi crueger
236144460,ferment
216807234,fiddle
257187693,field recording
239647486,film
257041585,film
257193593,fire
256805919,first
229789150,fischer
257193202,fl
105702787,flap+frog
256833077,flesh
105702787,flowers
254586921,flstudio
257188155,flute
208856350,flute
248021206,flux
225846039,fly fly fly my sadness
252609804,flyjins
215084872,flyjins
214049373,flyjins
207601830,flyjins
207600927,flyjins
236355729,flávio pala
226204754,fmハロー
117118504,fodera
151469159,folc
257193544,folk
210254693,folk
250261108,folk
216807234,folk
151468880,folk
235535161,foot work
257193202,for
224300739,for
89861622,forever_goodbye
257196161,fox
246133850,foxx
257188155,free
221365838,free acapella
257194397,free download
155403826,free music archiv
155403825,free music archiv
155403824,free music archiv
155403821,free music archiv
155403820,free music archiv
155403822,free music archiv
155403819,free music archiv
155403818,free music archiv
155403816,free music archiv
155403813,free music archiv
155403812,free music archiv
155403807,free music archiv
155403806,free music archiv
155403810,free music archiv
155403804,free music archiv
105702787,freedl
257188155,freedownload
74913562,freesound
256747484,freestyle
257103470,freestyle
257193288,freeway rick ross
204732253,fresh
204732253,fresh l
250964684,frost
26973030,frozen
257122912,fuck
257193599,fuckyocouch
256755453,fuego austral
255346545,fukuhara
255346545,fukuharakan
257194358,fun
257187919,funk
231490652,funk
257194258,funk
254994065,funny
255292511,fusion
177677493,fusion
69158319,fusionjazz
252525132,futuota
208908338,futuota
160186786,futuota
157222417,futuota
256833051,future
257193064,future
255734415,future
251129930,future
251129928,future
251129926,future
251129925,future
257195196,future
257194958,future
195067709,future
257193064,future garage
257194358,future transcension
257148765,fuusenne
195067709,fx
217885140,gabba
151483002,gabber
202868351,gabber
188816962,gabber
184526847,gabber
52724544,gabber
256288185,gahata
253874925,gahata
251919847,gainesville
253874925,gakupo
256833696,game
257115329,game of thrones
255445306,game of thrones
253351578,game of thrones
251719054,game of thrones
250545900,game of thrones
249281012,game of thrones
248192948,game of thrones
246759542,game of thrones
245954192,game of thrones
244633186,game of thrones
243612524,game of thrones
242442705,game of thrones
251632692,games for kids
86853771,ganesh
86853702,ganesh
86852073,ganesh
86851079,ganesh
86853771,ganja
86853702,ganja
86852073,ganja
86851079,ganja
157191066,garbage
157191065,garbage
157191064,garbage
157191061,garbage
157191056,garbage
157191058,garbage
253874925,garcia
256955992,garden
257186624,gato
257188874,gatorade
251919847,gatsby
226271960,geberit
226271079,geberit
255734415,gee
257187390,geese ambiance
257026432,geisya
255346545,geisya
224768553,geneva
251632692,gennethlia
231490652,george duke
235535161,ghetto
221361754,girlfriend
257173951,girls
257173947,girls
257173943,girls
257173938,girls
244985473,glitch
202868351,glitch
235580677,glitch
257192771,glitchy
255292511,global
177677493,global
256747484,gme
222848819,gny trio
250964762,go
257187861,goa
257187854,goa
257187847,goa
257187840,goa
257187834,goa
257187818,goa
257187805,goa
257187796,goa
257187787,goa
257187768,goa
257187758,goa
257187751,goa
257187745,goa
257187739,goa
257187728,goa
257187718,goa
257187709,goa
257187699,goa
207602898,gobi
225787208,god
250964677,goes
254918572,gogo.mn
257193772,golden state warriors
257196077,goldenera
255460235,gonchi
251129930,good sean
251129928,good sean
251129926,good sean
251129925,good sean
257195630,goodvibe
251129930,goon platoon
251129928,goon platoon
251129926,goon platoon
251129925,goon platoon
257189240,gospel
256288185,gossip
257115329,got
255445306,got
253351578,got
251719054,got
250545900,got
248192948,got
246759542,got
245954192,got
244633186,got
243612524,got
242442705,got
195559521,gourmet
254994065,graphic scene
187772771,grief
187772771,grieving
119289612,grime
52724544,grindcore
255292511,groove
177677493,groove
252585637,groovecoaster
257194980,grooves
257153088,guided meditation
257149263,guided meditation
256566713,guided meditation
255874649,guided meditation
255503841,guided meditation
255455671,guided meditation
254882775,guided meditation
254326253,guided meditation
253693788,guided meditation
253644207,guided meditation
252427910,guided meditation
252042991,guided meditation
251713139,guided meditation
251256223,guided meditation
250886239,guided meditation
250567933,guided meditation
250084005,guided meditation
249724072,guided meditation
249267251,guided meditation
248926375,guided meditation
248591252,guided meditation
248255627,guided meditation
248223126,guided meditation
247745265,guided meditation
247431264,guided meditation
247057414,guided meditation
246791084,guided meditation
246788474,guided meditation
246572593,guided meditation
246253175,guided meditation
245942751,guided meditation
245464013,guided meditation
245114370,guided meditation
244745330,guided meditation
244277221,guided meditation
243946486,guided meditation
243604987,guided meditation
243102663,guided meditation
242830187,guided meditation
242428399,guided meditation
257193544,guitar
257191024,guitar
257188273,guitar
210596867,guitar
249290398,guitar
211192272,guitart
256288185,gumi
27768216,gumi
86816958,guru
256747484,gutta
229789150,guys
251635798,gävle
229789150,haessler
257188155,hafeezakram
252525132,hakase
208908338,hakase
160186786,hakase
157222417,hakase
253874925,hakone
254994065,hallucinations
256980827,hamamatsu
241834043,hamamatsu
241832702,hamamatsu
237321213,hamamatsu
237310573,hamamatsu
232687277,hamamatsu
232685817,hamamatsu
228026661,hamamatsu
228025975,hamamatsu
223358440,hamamatsu
223304966,hamamatsu
256982666,hamburger
257105840,hamburger helper
256940879,hamburger helper
256805919,hamburger helper
251919847,hamburger helper
236361581,hamburger helper
256982666,hamburgerhelper
208777047,hammer
253458922,hand in hand
257191213,happiness
60682445,happy
223162043,happy songs
224768553,hardcore
52724544,hardcore
118076917,hardcore techno
257193771,hardcoreshit
217885140,hardstyle
86853771,hare
86853702,hare
86852073,hare
225769333,harekrishna
86853771,hashish
86853702,hashish
86852073,hashish
86851079,hashish
195974791,hate
255869714,hatsune
135166021,hatsunemiku
230325095,hawks
170354974,healing
164271814,healing
248160074,healing
221361754,heartbreak
223162043,heartbreak songs
257194358,heavy
129636775,heavy metal
224300739,heavyweight
218553331,hebrew
256940879,helper
60682445,herd
248021206,herobust
71425817,hertz
231232442,hex-a-
38535954,hhh
224768553,hiddenintodetails
257193593,highlife
210400358,highway
85935970,hill
255460235,himekone
232687277,himitsu
255869714,himitsu
237310573,himitsusyounen
232687277,himitsusyounen
232685817,himitsusyounen
223358440,himitsusyounen
223304966,himitsusyounenn
256980827,himitsusyounenθ
241834043,himitsusyounenθ
241832702,himitsusyounenθ
237321213,himitsusyounenθ
228026661,himitsusyounenθ
228025975,himitsusyounenθ
257193202,hip
257187861,hip
257187854,hip
257187847,hip
257187840,hip
257187834,hip
257187818,hip
257187805,hip
257187796,hip
257187787,hip
257187768,hip
257187758,hip
257187751,hip
257187745,hip
257187739,hip
257187728,hip
257187718,hip
257187709,hip
257187699,hip
256833077,hip hop
257193288,hip hop
221365838,hip hop
255734415,hip hop
254631555,hip hop
251129930,hip hop
251129928,hip hop
251129926,hip hop
251129925,hip hop
250647945,hip hop
207601830,hip hop
204732253,hip hop
251919847,hip hop
257194258,hip hop
257028126,hip hop
225413127,hip hop
209058776,hip hop
209058606,hip hop
148666975,hip hop
239179203,hip hop
224892639,hip hop
235580677,hip hop
257186926,hip hop
257186624,hip hop
257107244,hip hop
251129930,hip hop instrumental
251129928,hip hop instrumental
251129926,hip hop instrumental
251129925,hip hop instrumental
249965721,hip-hop
80620629,hip-hop
221361754,hiphop
245986776,hiphop
215084872,hiphop
85935970,hiphop
257196123,hiphop
257195255,hiphop
257194980,hiphop
228524121,hiphop
226495417,hiphop
221384863,hiphop
209058776,hiphop
209058606,hiphop
239636867,hiphop #我導
253796044,hiphop crunk mix
257195645,hiphopbeats
85935970,hipster
257194358,hit
178242315,hitori yurari
255752220,hitoshizuku-p
164271814,holistic
257188273,holliday
86816958,holy
240001652,home recordings
161500006,homerica
161499998,homerica
161499923,homerica
161499921,homerica
161499885,homerica
161499777,homerica
161499770,homerica
161499617,homerica
161499615,homerica
161499560,homerica
161499549,homerica
161499523,homerica
161499452,homerica
161499440,homerica
161499413,homerica
161499407,homerica
161499387,homerica
161499308,homerica
161499306,homerica
257193344,honduras
257193202,hop
257187861,hop
257187854,hop
257187847,hop
257187840,hop
257187834,hop
257187818,hop
257187805,hop
257187796,hop
257187787,hop
257187768,hop
257187758,hop
257187751,hop
257187745,hop
257187739,hop
257187728,hop
257187718,hop
257187709,hop
257187699,hop
85935970,hop
257102152,horror
257103470,hotnew
255869714,houka
257193831,house
257193789,house
257191138,house
257187919,house
257187861,house
257187854,house
257187847,house
257187840,house
257187834,house
257187818,house
257187805,house
257187796,house
257187787,house
257187768,house
257187758,house
257187751,house
257187745,house
257187739,house
257187728,house
257187718,house
257187709,house
257187699,house
257195735,house
257194397,house
80620629,house
28004689,house
257193071,house
257161971,house
253874925,hunter
244038145,huun
236144460,huun huur tu
225846039,huun huur tu
170470157,huun huur tu
151469159,huun huur tu
167332573,huun-huur tu
163369703,huun-huur tu
151483002,huun-huur-tu
193440755,huunhuurtu
244038145,huur
193242435,huur
212905359,hybrid trap
248021206,hydraulix
228188551,hygiene
228188549,hygiene
228188546,hygiene
228188543,hygiene
228188540,hygiene
228188538,hygiene
228188537,hygiene
228188534,hygiene
226271960,hygiene
226271079,hygiene
257153088,hypnosis
257149263,hypnosis
256566713,hypnosis
255874649,hypnosis
255455671,hypnosis
254882775,hypnosis
254326253,hypnosis
253644207,hypnosis
252427910,hypnosis
252042991,hypnosis
251256223,hypnosis
250886239,hypnosis
250084005,hypnosis
248926375,hypnosis
248591252,hypnosis
247745265,hypnosis
247431264,hypnosis
246788474,hypnosis
246253175,hypnosis
245464013,hypnosis
245114370,hypnosis
244277221,hypnosis
243946486,hypnosis
243102663,hypnosis
242830187,hypnosis
230313610,ice pikk
248021206,ichi
256833076,idea
256779056,idiot pop
256779056,idiotpop
257189236,idm
257194947,idm
220251658,idol
124521901,idol
222664514,ifuckedyourbitchstep
80620629,igemaniac
80620629,igemon
236144460,illinois
250964972,im
257193544,imisu
250964972,impala
250964762,impala
193440755,improvise
85935970,in
239647486,incidental
244985473,india
86853771,india
86853702,india
86852073,india
86816958,india
251129930,indian
251129928,indian
251129926,indian
251129925,indian
86853771,indian
86853702,indian
86852073,indian
86816958,indian
257193544,indie
257192266,indie
257187861,indie
257187854,indie
257187847,indie
257187840,indie
257187834,indie
257187818,indie
257187805,indie
257187796,indie
257187787,indie
257187768,indie
257187766,indie
257187758,indie
257187751,indie
257187745,indie
257187739,indie
257187728,indie
257187718,indie
257187709,indie
257187699,indie
256980827,indie
241834043,indie
241832702,indie
237321213,indie
237310573,indie
232687277,indie
232685817,indie
223304966,indie
144819061,indie
85935970,indie
257194358,indie
257194258,indie
146516758,indie
256105671,indies
223358440,indies
151483002,industrial
257148992,industrial
195067709,innovations
257188273,insomnia
257153088,insomnia
257149263,insomnia
256566713,insomnia
255874649,insomnia
255503841,insomnia
255455671,insomnia
255445306,insomnia
254882775,insomnia
254326253,insomnia
253693788,insomnia
253644207,insomnia
252427910,insomnia
252042991,insomnia
251713139,insomnia
251256223,insomnia
250886239,insomnia
250567933,insomnia
250084005,insomnia
249724072,insomnia
249267251,insomnia
248926375,insomnia
248591252,insomnia
248255627,insomnia
248223126,insomnia
247745265,insomnia
247431264,insomnia
247057414,insomnia
246791084,insomnia
246788474,insomnia
246572593,insomnia
246253175,insomnia
245942751,insomnia
245464013,insomnia
245114370,insomnia
244745330,insomnia
244277221,insomnia
243946486,insomnia
243604987,insomnia
243102663,insomnia
242830187,insomnia
242428399,insomnia
257193544,instrumental
257193946,instrumental
257188273,instrumental
257188155,instrumental
257187861,instrumental
257187854,instrumental
257187847,instrumental
257187840,instrumental
257187834,instrumental
257187818,instrumental
257187805,instrumental
257187796,instrumental
257187787,instrumental
257187768,instrumental
257187758,instrumental
257187751,instrumental
257187745,instrumental
257187739,instrumental
257187728,instrumental
257187718,instrumental
257187709,instrumental
257187699,instrumental
251129930,instrumental
251129928,instrumental
251129926,instrumental
251129925,instrumental
253646564,instrumental
242267303,instrumental
204732253,instrumental
251919847,instrumental
257195645,instrumental
257195255,instrumental
257194980,instrumental
257194358,instrumental
257194258,instrumental
257194054,instrumental
248160074,instrumental
255734415,instrumental hip hop
254631555,instrumental hip hop
253646564,instrumental hip hop
146516758,instrumental rock
257193202,instrumentals
257196123,instrumentals
256648377,international
257103381,international
257196077,intrumental
167332573,inuit kajallaq
252525132,iosys
208908338,iosys
160186786,iosys
157222417,iosys
244985473,iran
244985473,iraq
222848819,irish
86851079,israel vibration
86853771,italia
86853702,italia
86852073,italia
86816958,italia
86853771,italy
86853702,italy
86852073,italy
86851079,italy
86816958,italy
257193202,j
229789150,j
155680062,j-cash
256980827,j-pop
253636635,j-pop
241834043,j-pop
241832702,j-pop
237321213,j-pop
237310573,j-pop
232687277,j-pop
232685817,j-pop
228026661,j-pop
228025975,j-pop
223358440,j-pop
223304966,j-pop
255995967,j-pop
251774031,j-pop
175001111,j-pop
251129930,jackie chan
251129928,jackie chan
251129926,jackie chan
251129925,jackie chan
157152805,jackin house
251919847,jadakiss
86853771,jah
86853702,jah
86852073,jah
86851079,jah
257192266,jamericanmusic
257196161,james
203456044,jams
251129930,japan
251129928,japan
251129926,japan
251129925,japan
256980827,japan
256105671,japan
252609804,japan
241834043,japan
241832702,japan
237321213,japan
237310573,japan
232687277,japan
229085784,japan
228026661,japan
228025975,japan
223358440,japan
223304966,japan
215084872,japan
214049373,japan
208856350,japan
207601830,japan
207600927,japan
256955992,japan
257026432,japan
195965942,japan
157379924,japan
143313767,japan
141174577,japan
252525132,japanese
220362937,japanese
210400358,japanese
257103381,japanese
255346545,japanese
195965942,japanese
228356539,japanese4
255346545,japaneseculture
220250038,japanimation
257191024,jaspar
251919847,jay z
246133850,jayden
257187861,jazz
257187854,jazz
257187847,jazz
257187840,jazz
257187834,jazz
257187818,jazz
257187805,jazz
257187796,jazz
257187787,jazz
257187768,jazz
257187758,jazz
257187751,jazz
257187745,jazz
257187739,jazz
257187728,jazz
257187718,jazz
257187709,jazz
257187699,jazz
256533651,jazz
208856350,jazz
257194258,jazz
211192272,jazz
28004689,jazz
257192190,jazz fusion
105702787,jazz house
105702787,jazz of touhou
105702787,jazzun
250647945,jazzy
208856350,jazzy
257193771,jazzyshit
257193288,jc king
232879296,jd twitch
257041560,jean-jacques annaud
60682445,jeong
236355729,jessie j
86853771,jesus
86853702,jesus
86852073,jesus
86851079,jesus
257041560,jiang rong
248467477,jinmenusagi
60682445,joel
257086393,john catsimatidis
257086392,john catsimatidis
257086395,john catsimatidis
257086391,john catsimatidis
257086299,john catsimatidis
257086301,john catsimatidis
257086297,john catsimatidis
257086296,john catsimatidis
184196281,josh nowlin
226686024,jpop
127590262,jpop
251974949,jr九州
235535161,juke remix
255734415,jumpman
252218519,jungle
244855022,jungle
257186926,justice
257196047,justin
48158713,justin
27768216,k-on
208856350,kabuki
257026432,kabuki
255346545,kabuki
230325095,kabuki
228524121,kabuki
184196281,kabuki
157152805,kabuki
146516758,kabuki
146449263,kabuki
220590714,kabukicho
254631555,kagaloop
255869714,kagamine
167332573,kai
251632692,kallithea
251643481,kallithes
251919847,kamakeezy
200562286,kanamori
181953920,kangding ray
81889006,kanno
251919847,kanye west
255240363,kaolo
255240363,kaolo pt1
255240363,kaolo pt2
207444669,karagio
248160074,karaoke
255460235,kasane
255460235,kasane teto
251663740,kasane-teto
236144460,kasza
184196281,kata
251643481,katadysi gnorimias
93059200,kaustika
80620629,kazakhstan
28004689,kazyanight
167953806,kex
172566438,khoomei
172566437,khoomei
172566282,khoomei
257186624,kiddkeo
251632692,kids diving
253874925,kiichigo
257114894,kilkenny
228524121,kiminobu
257026432,kimono
255346545,kimono
231490652,kirk whalum
257193071,kisin
221365838,kiss
221361754,kiss
81889006,klassik
81889006,klavier
170978980,klopfgeister
251919847,knucky johnson
235535161,kogh
200562286,kohei
209058776,koke
209058606,koke
209058776,kokeくん
209058606,kokeくん
220805792,komotini
81889006,kondo
256571669,korea
255460235,kotobane
151469159,kozhamyk
86853702,kr
86852073,kr
86853771,krishna
86853702,krishna
86852073,krishna
86851079,krishna
230313610,krypton
212822854,kubitski
257026432,kurikana
255869714,kuro
80620629,kz
197434431,kökm
257103381,l.i.f.e.
257187390,lake ambiance
257187390,lake hefner
257187390,lake sounds
254994065,lancashire monologe
26973030,lands
257026432,lapanese
250295038,lapsteel
250335452,last song as static king
257041560,le dernier loup
86853702,lecce
86852073,lecce
86851079,lecce
86816958,lecce
257188155,lecosebelle
86851079,lee scratch perry
235535161,legend
225846039,legend
193242435,legend
170470157,legend
200086439,leipzig
194356911,leipzig
188816962,leipzig
184526847,leipzig
202868351,leizpig
255869714,len
210254693,leonard cohen
250964684,lies
257191213,life
257103381,life
251771682,lifestyle
255734415,light
250964677,light
250964762,like
253796044,lil jon
257190839,lil uzi vert
251771682,linda frisch
256705153,linggesar
127590262,lion heart
127590262,lionheart
257193296,liquid
257191138,liquid
202868351,listentoleipzig
200086439,listentoleipzig
195974791,listentoleipzig
194356911,listentoleipzig
188816962,listentoleipzig
188375605,listentoleipzig
184526847,listentoleipzig
257193593,lit
257193544,live
257187686,live
193440755,live
257194397,live
251771682,liz hamilton
257193544,lo-fi
257187919,lo-fi
246923290,lo-fi
221361754,london
255734415,london
221365838,london]
256705153,longlivetheking
255734415,loop
236144460,lordy
257193772,los angeles lakers
236144460,lost
231232442,lost angl
257188273,lou
223162043,louisville
223162043,louisville ky
257193544,lounge
257194258,lounge
38535954,lounge
207444669,loutraki
221365838,love
221361754,love
256705153,love
207601830,love
256923415,love
195974791,love
223844458,love
223844458,love vs lust
257102152,lovecraft
253797896,lovelive
257194054,lucid
61838327,lucky_star
257195735,luke
257188273,lullaby
253874925,lunacy
256443654,lunch
223844458,lust
195974791,luv
257196567,lynx
257186926,lyrical
252489107,m.enkhbold
257193470,macroplastics
212071045,madewithfigure
253874925,madness
257186624,majorlazer
187772771,male voice
195974791,mambo
250964972,man
200584129,manes
86853702,mani
86852073,mani
224300739,mantra
257105840,march madness 2016
184196281,marching band music
223162043,maria kellogg
86853702,marijuana
86852073,marijuana
86851079,marijuana
187772771,marimba
257193470,marine 
257193470,marine debris
257193470,marine plastics
256056246,martinshkreli
257187919,maryland
253985136,mashin
198590838,mashup
256558707,massive sonic work
230325095,match
61997923,matheus dionisio
230325095,matsuda
253874925,mawarine
250964684,max
257187686,mc-909
74913562,mccarthy
257194947,meditative
210728127,mednutrition
210725191,mednutrition
210725174,mednutrition
210725061,mednutrition
210724647,mednutrition
257193071,mega set
256288185,meiji
253874925,meiji
255460235,meiko
257191024,melbournemusic
257191213,mellow
257187420,melocid dubstep
257187420,melodic
231490652,melodicengross
257191594,melody
257194358,melody
236144460,mercer
246133850,messenger
257192771,metal
257187861,metal
257187854,metal
257187847,metal
257187840,metal
257187834,metal
257187818,metal
257187805,metal
257187796,metal
257187787,metal
257187768,metal
257187758,metal
257187751,metal
257187745,metal
257187739,metal
257187728,metal
257187718,metal
257187709,metal
257187699,metal
224768553,metal
69158319,metal
202868351,metalevel
257153884,metalfire
251771682,metaphysics
257190839,metro boomin
257193071,mexico
257193800,mic
110402148,michael laitman
236144460,michigan
210400358,microhouse
244985473,middle east
212905359,midtempo
229085784,migrant
233037625,migration
250982784,mikitop
255869714,miku
195965942,miku hatsune
86851079,miky dread
257107244,mina loy
257193288,mini-show
257187861,minimal
257187854,minimal
257187847,minimal
257187840,minimal
257187834,minimal
257187818,minimal
257187805,minimal
257187796,minimal
257187787,minimal
257187768,minimal
257187758,minimal
257187751,minimal
257187745,minimal
257187739,minimal
257187728,minimal
257187718,minimal
257187709,minimal
257187699,minimal
194356911,minimal
257188273,minimalist
257193288,minisode
204363939,mipon
85935970,mirage
255734415,mix
241834043,mix
241832702,mix
237321213,mix
237310573,mix
232687277,mix
232685817,mix
228026661,mix
228025975,mix
223358440,mix
223304966,mix
248021206,mix
155680062,mix
257194358,mix
257194258,mix
257193593,mix
257041816,mix
146449263,mix
257193071,mix
257186624,mix
253796044,mix mashup
257041816,mix world mix
63035153,mixchu
255734415,mixtape
82918686,mixtape
38535954,mixtape
146516758,mixture
245986776,mixture　シンガー　アーティスト
253874925,mizuki
236144460,moby
250982784,mochikora
257192771,modern
63035153,moe
214083583,moming
257189632,money #news
257036440,mongol
250647945,mongol
204732253,mongol
250647945,mongol duu
257019472,mongol music
250409463,mongol party
204732253,mongolai
257041560,mongolia
256682570,mongolia
256533651,mongolia
256407906,mongolia
256291725,mongolia
256056246,mongolia
255734415,mongolia
255716794,mongolia
253985136,mongolia
251989176,mongolia
251129930,mongolia
251129928,mongolia
251129926,mongolia
251129925,mongolia
251122492,mongolia
251122489,mongolia
251122490,mongolia
251122487,mongolia
251122485,mongolia
251122483,mongolia
251122482,mongolia
251122479,mongolia
251122477,mongolia
251122474,mongolia
251122473,mongolia
251122471,mongolia
251122469,mongolia
251122470,mongolia
251122464,mongolia
251122467,mongolia
251122458,mongolia
251122461,mongolia
251122457,mongolia
251122455,mongolia
251122452,mongolia
251122450,mongolia
251122447,mongolia
251122443,mongolia
251122442,mongolia
251122439,mongolia
250978532,mongolia
250647945,mongolia
250627527,mongolia
250409463,mongolia
250343303,mongolia
250300478,mongolia
250261108,mongolia
244985473,mongolia
216807234,mongolia
207602898,mongolia
255734415,mongolian
250647945,mongolian
207602898,mongolian
204732253,mongolian
151869384,mongolian
151483002,mongolian
251122492,mongolian alternativ collection
251122489,mongolian alternativ collection
251122490,mongolian alternativ collection
251122487,mongolian alternativ collection
251122485,mongolian alternativ collection
251122483,mongolian alternativ collection
251122482,mongolian alternativ collection
251122479,mongolian alternativ collection
251122477,mongolian alternativ collection
251122474,mongolian alternativ collection
251122473,mongolian alternativ collection
251122471,mongolian alternativ collection
251122469,mongolian alternativ collection
251122470,mongolian alternativ collection
251122464,mongolian alternativ collection
251122467,mongolian alternativ collection
251122458,mongolian alternativ collection
251122461,mongolian alternativ collection
251122457,mongolian alternativ collection
251122455,mongolian alternativ collection
251122452,mongolian alternativ collection
251122450,mongolian alternativ collection
251122447,mongolian alternativ collection
251122443,mongolian alternativ collection
251122442,mongolian alternativ collection
251122439,mongolian alternativ collection
225846039,mongolian culture
256747484,monk 
184321551,monking business
236478045,monopoly
257194397,monstercat
257195196,mood
256705153,morderntibetansociety
256833409,morenatsu
256833696,morenatsu
256833249,morenatsu
251643481,mosxato
253874925,mothy
257188155,movie
64142791,mrrafapanelli
134039917,mudra-community
187772771,multi-tonal singing
257193288,music
235535161,music
223162043,music
255734415,music
250978532,music
250647945,music
215084872,music
214049373,music
194808855,music
193830455,music
257196047,music
257194358,music
244886400,music
80620629,music
75012626,music
257187883,music box
257117442,music maker jam
257193288,music talk
251006742,musicfactorytokyo
251006261,musicfactorytokyo
251005815,musicfactorytokyo
251000987,musicfactorytokyo
193242435,mygod
226605701,naclear
250654264,nakanosanplaza
223162043,nashville
223162043,nashville tn
251910887,national
86853702,natura
86852073,natura
257193470,natural selection
257193470,natural selection podcast
257041560,nature
257019472,nature
256682570,nature
86853702,nature
86852073,nature
86851079,nature
249351421,nature
251919847,nawfside
257193772,nba
257193494,nba
257105840,nba draft 2016
257105840,ncaa final four 2016
144819061,ndw
253874925,neemiso
257187420,ness
144819061,neuedeutsche
250964677,never
257196161,new
146516758,new
195067709,new
257186624,new
257036440,new age
257019472,new age
223162043,new artist
223162043,new country
251919847,new hip hop
255734415,new school
223162043,new sound
255734415,new wave
257194258,new wave
225413127,newaction
144819061,newave
195067709,news
256923415,neww eraa
144819061,newwave
257193494,nfl
245986776,nibro
257191213,nice
170978980,nightsoul
251576876,nightwalk
251576876,nightwalkers
251989176,niitlel
257188874,nike
252525132,nlp
208908338,nlp
160186786,nlp
157222417,nlp
256288185,no
255869714,no
257188273,nocturnal
256558707,noise
236144460,noise
86853702,noise
86852073,noise
86816958,noise
195067709,noise
209433312,noise
257187693,noisecanbemusic
250261108,nomad
257191302,nomorekatie
257105840,north carolina
257188155,nostalgic
230025586,novelty
232879296,nts radio
257193599,number
60682445,nuna
157379924,nvln
256705153,nyingma
257188874,oasis
255869714,oath
89861622,oc
236144460,ocean
257193470,oceans
251919847,odle
253874925,of
257114894,offaly
257105840,oklahoma
257187390,oklahoma city
86853702,om
86852073,om
257193599,one
250964762,only
255734415,opozit
232879296,optimo
209971870,orchestral
74913562,org
236144460,original
257196047,original
257103381,original
195965942,original
117118504,original
135166021,original
257186624,original
251315255,original song
257188874,originalcomposition
257188874,originalscore
250409463,orkhon
225787208,orthodox
86853771,osho
86853702,osho
86852073,osho
256833409,ost
256833696,ost
256833249,ost
250938907,otg
204363939,otogestyle
250964677,out
167332573,overtone singing
172612775,overtones
248021206,ozzie
256833409,pacific
251643481,padi
251632692,padi
86853702,padme
86852073,padme
251632692,paidika party
244985473,pakistan
257195630,pakko
236355729,pala16
257191213,panda
256747484,panda
220251658,pandakeikomix
220250038,pandakeikomix
212905359,pantheon
257195735,paradise
197263680,party
229789150,patrick
251771682,patrick mcdonald
257191213,peace
249290398,peaceofmind
251643481,peiraias
251632692,peiraias
195067709,penetrating
257196161,people
222848819,percussion
208856350,percussion
257194397,performance
220805792,perpato
172566437,perry
244985473,persia
146449263,personal jesus
161500006,phoebe giannisi
161499998,phoebe giannisi
161499923,phoebe giannisi
161499921,phoebe giannisi
161499885,phoebe giannisi
161499777,phoebe giannisi
161499770,phoebe giannisi
161499617,phoebe giannisi
161499615,phoebe giannisi
161499560,phoebe giannisi
161499549,phoebe giannisi
161499523,phoebe giannisi
161499452,phoebe giannisi
161499440,phoebe giannisi
161499413,phoebe giannisi
161499407,phoebe giannisi
161499387,phoebe giannisi
161499308,phoebe giannisi
161499306,phoebe giannisi
257188155,piano
238244548,piano
238244357,piano
210596867,piano
81889006,piano
195067709,piano
38535954,piano
238244548,piano solo
238244357,piano solo
220590714,pigalle
86853771,pizzica
86853702,pizzica
86852073,pizzica
252301618,planeta lem
257193470,plastics
257193772,podcast
257193549,podcast
257193494,podcast
257193288,podcast
255346545,podcast
150590848,podcast
123627191,podcast
212822854,podcast
210728127,podcast
210725191,podcast
210725174,podcast
210725061,podcast
210724647,podcast
257186404,podcast
257102152,podcast
257115329,podcast
256843600,podcast
256843376,podcast
256840196,podcast
256359617,podcast
255673883,podcast
255445306,podcast
254724914,podcast
253931823,podcast
253351578,podcast
252249346,podcast
251904404,podcast
251093117,podcast
250746069,podcast
250545900,podcast
249917511,podcast
249565370,podcast
248756266,podcast
248415353,podcast
248192948,podcast
247254549,podcast
247254546,podcast
246759542,podcast
246450066,podcast
246117976,podcast
245332989,podcast
244976076,podcast
244139723,podcast
243787025,podcast
242979275,podcast
242645224,podcast
257193288,podcasting
256946541,podcasting
257193288,podcasts
257193470,pollution
236144460,pollution
250982784,ponya yawaraon
257153884,pool
86853771,poona
86853702,poona
86852073,poona
257186624,poorgang
257193544,pop
257191594,pop
257187861,pop
257187854,pop
257187847,pop
257187840,pop
257187834,pop
257187818,pop
257187805,pop
257187796,pop
257187787,pop
257187768,pop
257187758,pop
257187751,pop
257187745,pop
257187739,pop
257187728,pop
257187718,pop
257187709,pop
257187699,pop
231421038,pop
256533651,pop
256980827,pop
241834043,pop
241832702,pop
237321213,pop
237310573,pop
232687277,pop
232685817,pop
228026661,pop
228025975,pop
223358440,pop
223304966,pop
172612775,pop
242391885,pop
195965942,pop
193703486,pop
93059200,pop
48158713,pop
250324283,pop
182519825,pop
257193831,pop 
257033964,pop rock
195965942,pop-rock
28004689,pops
257188273,post rock
146516758,post rock
144819061,postpunk
144819061,postrock
85935970,postrock
224300739,power
257103381,praise
224300739,prayanam
224300739,prayazen
231490652,precious
195067709,presentation
257186624,preveral
257190839,producer
257196047,producer
257193071,producer
257193202,producers
256648377,program
257187861,progressive
257187854,progressive
257187847,progressive
257187840,progressive
257187834,progressive
257187818,progressive
257187805,progressive
257187796,progressive
257187787,progressive
257187768,progressive
257187758,progressive
257187751,progressive
257187745,progressive
257187739,progressive
257187728,progressive
257187718,progressive
257187709,progressive
257187699,progressive
257157587,progressive
257148992,progressive
257193071,progressive house
257157587,progressive trance
212071045,propellerhead
134039917,protect-whales&amp;dolphins
251643481,proti fora katadysi
233745795,provlepseis
232721192,provlepseis
231180536,provlepseis
227456947,provlepseis
227300097,provlepseis
227136727,provlepseis
225496859,provlepseis
225337533,provlepseis
225176913,provlepseis
225010083,provlepseis
224416068,provlepseis
224097273,provlepseis
213454767,provlepseis
211432475,provlepseis
210712281,provlepseis
209663077,provlepseis
209489574,provlepseis
208743647,provlepseis
205569650,provlepseis
205411628,provlepseis
205252923,provlepseis
205087686,provlepseis
202162390,provlepseis
201218888,provlepseis
199475261,provlepseis
197928195,provlepseis
196449751,provlepseis
196111527,provlepseis
134039917,psy-dub
85935970,psychedelc
257193005,psychedelic
257188273,psychedelic
257187861,psychedelic
257187854,psychedelic
257187847,psychedelic
257187840,psychedelic
257187834,psychedelic
257187818,psychedelic
257187805,psychedelic
257187796,psychedelic
257187787,psychedelic
257187768,psychedelic
257187758,psychedelic
257187751,psychedelic
257187745,psychedelic
257187739,psychedelic
257187728,psychedelic
257187718,psychedelic
257187709,psychedelic
257187699,psychedelic
204503165,psychedelic
168043539,psychedelic
200086439,psychedelic
195974791,psychedelic
194356911,psychedelic
188375605,psychedelic
184526847,psychedelic
163655923,psychedelic
202868351,psychedelic hiphop
257189240,psychedelic trance
257193005,psychological
257187861,psytrance
257187854,psytrance
257187847,psytrance
257187840,psytrance
257187834,psytrance
257187818,psytrance
257187805,psytrance
257187796,psytrance
257187787,psytrance
257187768,psytrance
257187758,psytrance
257187751,psytrance
257187745,psytrance
257187739,psytrance
257187728,psytrance
257187718,psytrance
257187709,psytrance
257187699,psytrance
257194358,psytrance
257148992,pulse
257187861,punk
257187854,punk
257187847,punk
257187840,punk
257187834,punk
257187818,punk
257187805,punk
257187796,punk
257187787,punk
257187768,punk
257187758,punk
257187751,punk
257187745,punk
257187739,punk
257187728,punk
257187718,punk
257187709,punk
257187699,punk
193440755,punk
257191213,purple
230782110,pystrance
250481737,question
221361754,r&amp;b
231490652,r&b
221365838,r&b
250647945,r&b
256288185,r.i.p.ゴシップの海
153433150,radik tyulyush
257019472,radio
252525132,radio
244370062,radio
208908338,radio
229789150,radio
244886400,radio
123627621,radio
160186786,radio
157222417,radio
257173951,radio show
257173947,radio show
257173943,radio show
257173938,radio show
123627191,radioegocicus
245986776,raggae
256516873,rain
167332573,rakuhkara
254994065,randomness
256705153,rangjungyesheinstitute
257193202,rap
257187861,rap
257187854,rap
257187847,rap
257187840,rap
257187834,rap
257187818,rap
257187805,rap
257187796,rap
257187787,rap
257187768,rap
257187758,rap
257187751,rap
257187745,rap
257187739,rap
257187728,rap
257187718,rap
257187709,rap
257187699,rap
221365838,rap
221361754,rap
255734415,rap
250647945,rap
249966528,rap
230313610,rap
215084872,rap
214049373,rap
207601830,rap
251919847,rap
228524121,rap
221384863,rap
209058776,rap
209058606,rap
199662830,rap
239179203,rap
80620629,rap
48158713,rap
257186926,rap
257122912,rap
257195645,rapinstrumental
221384863,rapkojo
221365838,rapper
221361754,rapper
257103470,rapup
255734415,rapus
38535954,rasmus
86853771,rasta
86853702,rasta
86852073,rasta
86851079,rasta
86853771,rastafari
86853702,rastafari
86852073,rastafari
86851079,rastafari
202868351,rave
256833051,raw
257193544,raw
255734415,raw
250647945,raw
86853702,rc
86852073,rc
257196077,real
251919847,reckless
251919847,reckless ent
250409463,recorded
257195735,records
80620629,records
257193470,reduce reuse recycle
251771682,regent speaks
237669905,reggae
86853702,reggio
86852073,reggio
86851079,reggio
229789150,regular
257196567,rejuvenate
221365838,relationship
221361754,relationship
257191594,relax
256516873,relax
257196077,relax
257194258,relax
195067709,relax
257189881,relaxing
257188273,relaxing
38535954,relaxing
146516758,release
86853771,religion
86853702,religion
86852073,religion
86851079,religion
257188172,remix
253796044,remix
230313610,remix
225846039,remix
193242435,remix
172566437,remix
251919847,remix
257194258,remix
257031732,remix
239179203,remix
197434431,remix
256955992,resonator
233141040,respect production
233141039,respect production
233141038,respect production
233141037,respect production
233141035,respect production
233141034,respect production
233141032,respect production
233141031,respect production
233141027,respect production
233141030,respect production
233141022,respect production
233141019,respect production
207444669,restaurant
195559521,restaurant
146449263,retro
256940879,retro spectro
257188273,reverb
86853702,riace
86852073,riace
86816958,riace
178242315,ribbon117
257193288,rick ross
248021206,riff raff
255869714,rin
257103381,rio
256288185,rip
250261108,ritual
257191024,robinson
257193544,rock
257187861,rock
257187854,rock
257187847,rock
257187840,rock
257187834,rock
257187818,rock
257187805,rock
257187796,rock
257187787,rock
257187768,rock
257187758,rock
257187751,rock
257187745,rock
257187739,rock
257187728,rock
257187718,rock
257187709,rock
257187699,rock
251122492,rock
251122489,rock
251122490,rock
251122487,rock
251122485,rock
251122483,rock
251122482,rock
251122479,rock
251122477,rock
251122474,rock
251122473,rock
251122471,rock
251122469,rock
251122470,rock
251122464,rock
251122467,rock
251122458,rock
251122461,rock
251122457,rock
251122455,rock
251122452,rock
251122450,rock
251122447,rock
251122443,rock
251122442,rock
251122439,rock
244698827,rock
256980827,rock
256105671,rock
241834043,rock
241832702,rock
237321213,rock
237310573,rock
232687277,rock
232685817,rock
231224834,rock
228026661,rock
228025975,rock
223358440,rock
223304966,rock
210596867,rock
255258634,rock
144819061,rock
236361581,rock
230025586,rock
225950724,rock
218208273,rock
146516758,rock
193703486,rock
248160074,rock
257173951,rock
257173947,rock
257173943,rock
257173938,rock
210596867,rock &amp; roll
195965942,rock &amp; roll
256833249,rock!
256105671,rockband
257193202,rocky
238244548,rodin
238244357,rodin
255734415,rokit bay
257187686,roland
86853702,roma
86852073,roma
86851079,roma
86816958,roma
86851079,roots
256833077,rotten
253874925,rotten
181289969,russian
225787208,russion
123627621,ryn
123627191,ryn
257103381,ryo
167332573,ryuichi sakamoto
163369703,ryuichi sakamoto
69158319,s4536t
64142791,s4536t
61997923,s4536t
46739793,s4536t
256885345,sacred bass
250647945,sad
220590714,sad
223162043,sad songs
167332573,sainkho namtchylak
163369703,sainkho namtchylak
124521901,saitama
255995967,sakura rokkain
257193637,sample
231232442,sample
242267303,sample
203456044,sandy
257189483,sango
257194358,santa barbara
256705153,santisacademy
28004689,sapporo
151468880,saryglarlar
178242315,sato satomi
178242315,satoh satomi
178242315,satomi sato
178242315,satomi satoh
178242315,satomi satou
253874925,satoru
178242315,satou satomi
257192266,saxophone
208856350,saxophone
93059200,saxophone
256291725,saya
257193470,science
257188155,score
251632692,scuba diving
251632692,scuba kids
242877065,scums or bubbles
242877061,scums or bubbles
256288185,sea
188816962,seapunk
256648377,security
257193202,sell
257191213,sensational
60682445,seon
225787208,sermon
257193071,set
135132526,setagaya
256832891,seven
37781323,"sex, occ, r&r"
257041560,shaofeng feng
252525132,shatyou
208908338,shatyou
160186786,shatyou
157222417,shatyou
257041560,shawn dou
175001111,shiinaringo
253874925,shima
69158319,shimabara17
135132526,shimokitazawa
85935970,shit
86853771,shiva
86853702,shiva
86852073,shiva
86851079,shiva
86816958,shiva
252609804,shizuoka
232687277,shizuoka
215084872,shizuoka
207601830,shizuoka
207600927,shizuoka
257148765,shoori robopetto
257148765,shoorirobo
246133850,shoot
257189881,short 
257188155,shortfilm
250982784,shuiro no sunahama
256833696,shun
253874925,shuu
86853702,sila
86852073,sila
85935970,silent
85935970,silenthill
221365838,singer
221361754,singer
231490652,singer-songwriter
256533651,singer-songwriter
210596867,singer-songwriter
151483002,singers
135132526,singersongwriter
203456044,singing
80620629,single
248021206,sirenz
86816958,sitar
204143981,ske48
257191024,sketch
195559521,skg
257194397,skrillex
257187420,sky
135132526,sky
257193071,sky
218208273,slap
255240363,slasherr
257153088,sleep
257149263,sleep
257115329,sleep
256566713,sleep
256359617,sleep
255874649,sleep
255673883,sleep
255503841,sleep
255455671,sleep
255445306,sleep
254882775,sleep
254724914,sleep
254326253,sleep
253931823,sleep
253693788,sleep
253644207,sleep
253351578,sleep
252427910,sleep
252249346,sleep
252042991,sleep
251904404,sleep
251719054,sleep
251713139,sleep
251256223,sleep
251093117,sleep
250886239,sleep
250746069,sleep
250567933,sleep
250545900,sleep
250084005,sleep
249917511,sleep
249724072,sleep
249565370,sleep
249267251,sleep
248926375,sleep
248756266,sleep
248591252,sleep
248415353,sleep
248255627,sleep
248223126,sleep
247745265,sleep
247431264,sleep
247254549,sleep
247254546,sleep
247057414,sleep
246791084,sleep
246788474,sleep
246572593,sleep
246450066,sleep
246253175,sleep
246117976,sleep
245942751,sleep
245464013,sleep
245332989,sleep
245114370,sleep
244976076,sleep
244745330,sleep
244633186,sleep
244277221,sleep
244139723,sleep
243946486,sleep
243787025,sleep
243604987,sleep
243102663,sleep
242979275,sleep
242830187,sleep
242645224,sleep
242428399,sleep
257188273,sleeping
257189881,sleepy
251635798,slim vic
257193544,slow
257191295,slow
181289969,sludgecore
127590262,smap
250964677,smiths
256923415,smoke
257193593,smoke
257191213,smooth
257194258,smooth
257188155,soft
230325095,soft
195067709,soft
230325095,softbank
257194358,solo
254911142,solution
257196047,song
80620629,song
257148765,song of an eared robot
256705153,songs
257103381,songs
200584129,sonic environment
257196161,sony
248021206,soohan
257191968,soprano
257193637,sosimplesofresh
231490652,soul
224300739,soul
166053368,soul
257193599,soulbrotha
215084872,soulmusic
207600927,soulmusic
257193800,sound
256558707,sound
250300478,sound
224300739,sound
257193816,sound design
257196047,soundcloud
226271836,soundcloud:source=android-3rdparty-upload
117558073,soundcloud:source=android-3rdparty-upload
146066400,soundcloud:source=android-3rdparty-upload
180050490,soundcloud:source=audiocopy
212071045,soundcloud:source=figure
152443300,soundcloud:source=iphone-record
145293153,soundcloud:source=iphone-record
135582293,soundcloud:source=iphone-record
45391367,soundcloud:source=iphone-record
250686404,soundcloud:source=musicstudio
25942870,soundcloud:source=web-record
256955992,soundeffect
254391930,soundeffect
250572388,soundeffect
257188874,sounds
195067709,sounds
257189236,soundscape
257188874,soundscape
250572388,soundscape
193830455,soundscape
257196161,soundscape
257187693,soundsoflife
257193005,soundtrack
257188874,soundtrack
257188155,soundtrack
81889006,soundtrack
257188874,space
257188273,space
238163226,space
195067709,space
75012626,space
257188874,spacy
188375605,spc
152787868,speaks
257195735,specter
118076917,speedcore
217885140,speedcore
52724544,speedcore
257174300,spiritual rap
251771682,spirituality
86853771,spirituality
86853702,spirituality
86852073,spirituality
86851079,spirituality
225769333,spirituality
256955992,splashing
225769333,spoken
257193494,sports
257188874,sports
257193288,sports guy
257193593,springbreak
231490652,stanley clarke
257195735,stensberg
257186624,stevelean
257190098,still
257041585,storytelling
256359617,storytelling
255673883,storytelling
254724914,storytelling
253931823,storytelling
252249346,storytelling
251904404,storytelling
251093117,storytelling
250746069,storytelling
249917511,storytelling
249565370,storytelling
248756266,storytelling
248415353,storytelling
247254549,storytelling
247254546,storytelling
246450066,storytelling
246117976,storytelling
245332989,storytelling
244976076,storytelling
244139723,storytelling
243787025,storytelling
242979275,storytelling
242645224,storytelling
253785631,stray
200584129,street musicians
257188155,strings
231490652,style
86851079,subsonica
163655923,suicide
202868351,suicidehouse
256955992,suikinkutsu
257195735,summer
257195630,summer
257191302,sunday
257193288,superfan
257122912,swank
257188874,sweat
251635798,sweden
222848819,swedish
224768553,swiss
257188155,symphony
257187919,synth
238163226,synth
237267367,synth
195067709,synth
257194358,synthesizer
238163226,synthesizer
237267367,synthesizer
257194958,synthwave
257105840,syracuse
244985473,syria
254586921,sytrus
178242315,syugami
184196281,t'ai chi
225846039,taarva
245986776,takahiro
252525132,takuya
208908338,takuya
160186786,takuya
157222417,takuya
251919847,talay
257193344,talento nacional 
117118504,talkbox
117118504,talker
117118504,talking bass
251771682,talkradio
257107244,tallahassee
250964972,tame
250964762,tame
257194258,tape
257105840,tar heels
86853702,taranta
86852073,taranta
86853771,tarantella
86853702,tarantella
86852073,tarantella
86816958,tarantella
86853702,tarantismo
86852073,tarantismo
163369703,taylor deuoree
74913562,tbalbiz
257103470,teambackpack
257192266,teamjamaican
257193637,tech
257194397,tech
195067709,tech
257193637,tech house
256854996,tech house
250978532,tech house
257193789,techno
257193637,techno
257187861,techno
257187854,techno
257187847,techno
257187840,techno
257187834,techno
257187818,techno
257187805,techno
257187796,techno
257187787,techno
257187768,techno
257187758,techno
257187751,techno
257187745,techno
257187739,techno
257187728,techno
257187718,techno
257187709,techno
257187699,techno
256854996,techno
250978532,techno
245719357,techno
242877065,techno
242877061,techno
151483002,techno
202868351,techno
194356911,techno
188816962,techno
257194397,techno
257194258,techno
195067709,technologies
257193202,tempo
225636586,tenmalion
210422668,tenmalion
255460235,territory
252914740,terror in resonance
250845098,test
255460235,teto
255995967,teto kasane
256755453,texmex
257188273,textured
250964677,that
86853702,thc
86852073,thc
86851079,thc
246133850,the
255869714,the
250964677,the
224300739,the
85935970,the
257188172,the aurora priciple
256412927,the evening news
256116694,the evening news
255726283,the evening news
257193288,the explodeded show
257196567,the forest
253800990,the idolm@ster
257193071,the kwt
257041560,the name of the rose
254994065,the result of
251443871,the sound of waves 
256105671,the three
246686203,the voice of greece
241397997,the voice of greece
238926729,the voice of greece
236926450,the voice of greece
231493858,the voice of greece
254994065,the weirdest thing i have
110402148,the wise heart
68929688,the_birthday
257186926,therealshit
250964677,theres
200086439,thighgap
257189483,thrax
203456044,throat
225846039,throat singing
207602898,throat singing
172612775,throat singing
167332573,throat singing
155403826,throat singing
155403825,throat singing
155403824,throat singing
155403821,throat singing
155403820,throat singing
155403822,throat singing
155403819,throat singing
155403818,throat singing
155403816,throat singing
155403813,throat singing
155403812,throat singing
155403807,throat singing
155403806,throat singing
155403810,throat singing
155403804,throat singing
151468880,throat singing
257122912,thug
81889006,tiersen
251771682,timeless wisdom from ancient tibet
246923290,tincanalley
248021206,tirbal
257195735,to
223162043,todd nickens
178242315,tohoku zunko
257193549,tokingarea
135132526,tokyo
28004689,tokyo
135132526,tokyo indie rock
135132526,tokyoxzombie
171624773,tomaccini
178242315,touhoku zunko
253325567,touhou
256747484,town
80620629,track
250261108,traditional
257026432,traditional
230025586,traditional
257188273,trance
257187861,trance
257187854,trance
257187847,trance
257187840,trance
257187834,trance
257187818,trance
257187805,trance
257187796,trance
257187787,trance
257187768,trance
257187758,trance
257187751,trance
257187745,trance
257187739,trance
257187728,trance
257187718,trance
257187709,trance
257187699,trance
253985136,trance
254586921,trance
230782110,trance
257031732,trance
80620629,trance
193830455,transition
218553331,translation
257193831,trap
257193202,trap
257191138,trap
257190839,trap
256407906,trap
256056246,trap
255734415,trap
255240363,trap
253796044,trap
250647945,trap
226605701,trap
220362937,trap
244985473,trap
194356911,trap
163655923,trap
251919847,trap
257196047,trap
257194397,trap
257193593,trap
257186624,trap
257122912,trap
255240363,trap beat
255240363,trap mashup
253796044,trap mashup
255240363,trap mix
253796044,trap mix
255240363,trap mix 2016
255240363,trap mixtape
255240363,trap music
253796044,trap music remix
255240363,trap remix
253796044,trap remix
257186624,trapball
257195645,trapbeats
256056246,traphouse
155680062,trapstep
248021206,trapstyle
257193288,travis
255240363,treat me
250261108,tribal
252914740,trigger
195974791,trip
188375605,trip
85935970,trip
257194795,trip
251796033,trip-hop
257194258,trip-hop
134039917,trip-hop
202868351,triphop
200086439,triphop
188375605,triphop
85935970,triphop
257193202,trippy
257188874,trippy
255240363,trippy
195974791,trippy
188375605,trippy
85935970,trippy
257194358,trippy
257195735,tropical
256291725,tropical house
171624773,tropos branding co
257188273,trouble
236144460,trouble
236144460,trouble so hard
256056246,trumpy
257071369,tsh
257071369,tss
246186624,ttip
257071369,tts
244038145,tu
193242435,tu
257191594,tune
253985136,turbo
244985473,turkey
257193593,turnt
257193470,turtles
163369703,tuva
250261108,tuvan
204732253,tuvan
202494259,tuvan
153433150,tuvan
207602898,tuvan music
151469159,tuvan music
151468880,tuvan music
172612775,tuvian
255460235,twindr
257193593,twonk
257193593,twonkdination
257193288,tyson
221365838,u.k.
221361754,u.k.
244886400,uclan
81889006,uematsu
257071369,uhh
257071369,uhn
256533651,uia rytmisk
221361754,uk
256407906,uka
256407906,ulaanbaatar
256291725,ulaanbaatar
250343303,ulaanbaatar
256288185,ume
257193288,uncensored
257189240,underground
250978532,underground
249965721,underground
257194258,underground
257028126,underground
257187883,undertale
257191024,uni
250343303,united
221365838,united kingdom
221361754,united kingdom
257194358,united states
256682570,universe
257193470,university of exeter
256705153,universityofwashington
257071369,unn
257103470,unr
236144460,unsigned
230313610,utatane/nayuta
257017279,utau
256522602,utau
256288185,utau
255995967,utau
255869714,utau
255460235,utau
253874925,utau
253458922,utau
251663740,utau
251486036,utau
250982784,utau
250415842,utau
255995967,utau cover
251486036,utau cover
255995967,utau original
255995967,utauカバー
255460235,utauカバー
252914740,utauカバー
257186624,uzi
257122912,uzi
86853702,valentia
86852073,valentia
257193593,vape
257187919,vaporwave
256850229,vaporwave
188816962,vaporwave
257186624,vaporwave
210725191,varagiannis
210725174,varagiannis
210725061,varagiannis
210724647,varagiannis
257191024,vca
255460235,vcv
250982784,vcv
257196161,vegas
253874925,venomania
200086439,versifft
257148992,vertigo
257195890,vibe
252301618,viberadiomongolia #indiemusicshowonvibe
253646564,vibes
242267303,vibes
257196123,vibes
257195735,vibes
257195255,vibes
257194980,vibes
86853702,vibo
86852073,vibo
85935970,vice
257196567,victoria rojas
257105840,villanova
257196161,vinewalker
257192266,violin
257188155,violin
133919862,virgin babylon
256361516,vishnev
255533194,vision#mongol japat tuw
257195255,visual
257194980,visual
155680062,vocal
256288185,vocaloid
255869714,vocaloid
255460235,vocaloid
253874925,vocaloid
251663740,vocaloid
251443608,vocaloid
251170283,vocaloid
250982784,vocaloid
178242315,vocaloid
135166021,vocaloid
27768216,vocaloid
221365838,vocals
117118504,vocoder
256558707,voice
187772771,voice
257194795,voyage
25163336,voyage
80620629,vs
223844458,vs
86853702,vv
86852073,vv
236144460,wails
257148992,walkers
119289612,wardubjp
229789150,wars
257028126,watch out
257105840,watch the stove
256940879,watch the stove
257028126,watchout
256955992,water
85935970,water
257187390,water sounds
256833051,wave
256923415,wave
144819061,wave
26973030,waves
256850229,wavy
250964762,we
187640615,web radio
249351421,weddell
257193549,weed
195974791,weed
85935970,weed
257194258,west
214049373,westcoast
236144460,whale
257193637,what
254994065,what
212905359,whatnot
250964684,white
236355729,who you are
167332573,willits
163369703,willits + sakamoto
257193288,wiredcereal
188816962,witchhouse
184526847,witchhouse
257041560,wolf
257041560,wolf totem
247654227,wordpress
233022922,workshop
247654227,workshops
257188155,world
256533651,world
255292511,world
250261108,world
253785631,world
177677493,world
153433150,world
86853771,world
86853702,world
86852073,world
86816958,world
256885345,world beat
257036440,world musi
257019472,world music
256533651,world music
244985473,world music
207602898,world music
256682570,worldmusic
257103381,worship
257187693,wow
255752220,x
220750753,xamanismo
220750601,xamanismo
256288185,xshadowxxiii
256056246,y2k
220590714,yakuzas
255752220,yama
85935970,yamaoka
253874925,yaoi
135166021,yaon
251919847,year of the dot
255734415,yeezy
248021206,yellow claw
81889006,yoko
256850229,yoshimob
251919847,yotd
251919847,young thug
224892639,ytrv
252914740,zankyou no terror
202494259,zen
257107244,zociac carousel
110402148,zohar
253874925,zuiga
246923290,zukofsky
178242315,zunko
233745795,zwdia
232721192,zwdia
231180536,zwdia
227456947,zwdia
227300097,zwdia
227136727,zwdia
225496859,zwdia
225337533,zwdia
225176913,zwdia
225010083,zwdia
224416068,zwdia
224097273,zwdia
213454767,zwdia
211432475,zwdia
210712281,zwdia
209663077,zwdia
209489574,zwdia
208743647,zwdia
205569650,zwdia
205411628,zwdia
205252923,zwdia
205087686,zwdia
202162390,zwdia
199475261,zwdia
197928195,zwdia
196449751,zwdia
196111527,zwdia
241615772,«киев-донбасс»
246186624,αγροτικό
210728127,απώλεια βάρους
210724647,εντοπιότητα
210724647,εποχικότητα
246686203,ερτ
231493858,ερτ
233745795,ζωδια
232721192,ζωδια
227456947,ζωδια
227300097,ζωδια
227136727,ζωδια
225496859,ζωδια
225337533,ζωδια
225176913,ζωδια
225010083,ζωδια
224416068,ζωδια
224097273,ζωδια
213454767,ζωδια
211432475,ζωδια
210712281,ζωδια
209663077,ζωδια
209489574,ζωδια
208743647,ζωδια
205569650,ζωδια
205411628,ζωδια
205087686,ζωδια
202162390,ζωδια
201218888,ζωδια
199475261,ζωδια
197928195,ζωδια
196449751,ζωδια
196111527,ζωδια
246686203,η φωνη της ελλαδας
241397997,η φωνη της ελλαδας
238926729,η φωνη της ελλαδας
236926450,η φωνη της ελλαδας
231493858,η φωνη της ελλαδας
210725174,κατανάλωση
252582180,κοκόσης
239536282,κοκόσης
210725174,κρέας
210725191,μεσογειακή διατροφή
233037625,μεταναστευση
210725061,οικολογικό
210725191,οικολογικό αποτύπωμα
246186624,περιβάλλον
210724647,περιβάλλον
210725191,περιβαλλον
210725061,πιάτο
233745795,προβλεψεις
232721192,προβλεψεις
231180536,προβλεψεις
227456947,προβλεψεις
227300097,προβλεψεις
227136727,προβλεψεις
225496859,προβλεψεις
225337533,προβλεψεις
225176913,προβλεψεις
225010083,προβλεψεις
224416068,προβλεψεις
224097273,προβλεψεις
213454767,προβλεψεις
211432475,προβλεψεις
210712281,προβλεψεις
209663077,προβλεψεις
209489574,προβλεψεις
208743647,προβλεψεις
205569650,προβλεψεις
205411628,προβλεψεις
205252923,προβλεψεις
205087686,προβλεψεις
202162390,προβλεψεις
201218888,προβλεψεις
199475261,προβλεψεις
197928195,προβλεψεις
196449751,προβλεψεις
196111527,προβλεψεις
246186624,πρόγραμμα
246186624,πρώτο
252582180,στα μονοπάτια της ελλάδας
212822854,σχολειο
246186624,τρόφιμα
161500006,φοίβη γιαννίση
161499998,φοίβη γιαννίση
161499923,φοίβη γιαννίση
161499921,φοίβη γιαννίση
161499885,φοίβη γιαννίση
161499777,φοίβη γιαννίση
161499770,φοίβη γιαννίση
161499617,φοίβη γιαννίση
161499615,φοίβη γιαννίση
161499560,φοίβη γιαννίση
161499549,φοίβη γιαννίση
161499523,φοίβη γιαννίση
161499452,φοίβη γιαννίση
161499440,φοίβη γιαννίση
161499413,φοίβη γιαννίση
161499407,φοίβη γιαννίση
161499387,φοίβη γιαννίση
161499308,φοίβη γιαννίση
161499306,φοίβη γιαννίση
252582180,φωνή της ελλάδας
239536282,φωνή της ελλάδας
171624773,χρήστος δ κατσάνος
233022922,ψυχολογία
195868087,академия настоящего успеха
219357740,алена шувалова
80620629,алматы
251122492,алтернатив
251122489,алтернатив
251122490,алтернатив
251122487,алтернатив
251122485,алтернатив
251122483,алтернатив
251122482,алтернатив
251122479,алтернатив
251122477,алтернатив
251122474,алтернатив
251122473,алтернатив
251122471,алтернатив
251122469,алтернатив
251122470,алтернатив
251122464,алтернатив
251122467,алтернатив
251122458,алтернатив
251122461,алтернатив
251122457,алтернатив
251122455,алтернатив
251122452,алтернатив
251122450,алтернатив
251122447,алтернатив
251122443,алтернатив
251122442,алтернатив
251122439,алтернатив
219046696,анастасія багаліка
86921899,антиглобальность
252198892,аркадий
252198551,аркадий
252197863,аркадий
256394229,ба
195868087,беларусь
195868087,блокада на границе беларуси
255511998,брэнд
253719737,брэнд
251743239,брэнд
251122492,булсара
251122489,булсара
251122490,булсара
251122487,булсара
251122485,булсара
251122483,булсара
251122482,булсара
251122479,булсара
251122477,булсара
251122474,булсара
251122473,булсара
251122471,булсара
251122469,булсара
251122470,булсара
251122464,булсара
251122467,булсара
251122458,булсара
251122461,булсара
251122457,булсара
251122455,булсара
251122452,булсара
251122450,булсара
251122447,булсара
251122443,булсара
251122442,булсара
251122439,булсара
252194977,буриад
241615772,валентина  троян
256361516,вишнев
219176982,волшебство
195868087,граница польша-беларусь
219046696,громадська хвиля
241615772,громадське радіо
219046696,громадське радіо
201559280,громадське радіо
233141040,группа грот
233141039,группа грот
233141038,группа грот
233141037,группа грот
233141035,группа грот
233141034,группа грот
233141032,группа грот
233141031,группа грот
233141027,группа грот
233141030,группа грот
233141022,группа грот
233141019,группа грот
251910887,дархан
195868087,движение настоящий успех
257155436,делюж
251910887,дуулал
255530373,дууны
255530371,дууны
255530366,дууны
254947809,дууны
254947710,дууны
254947694,дууны
251956940,дууны
250620379,дууны
250608068,дууны
255530373,жагсаалт
255530371,жагсаалт
255530366,жагсаалт
250608068,жагсаалт
254947809,жагсаалт.
254947710,жагсаалт.
254947694,жагсаалт.
251956940,жагсаалт.
250620379,жагсаалт.
71425817,зловарный_запас
110402148,зоар
256394229,зохиол
256394229,зохиолын
251122492,зүгээр л
251122489,зүгээр л
251122490,зүгээр л
251122487,зүгээр л
251122485,зүгээр л
251122483,зүгээр л
251122482,зүгээр л
251122479,зүгээр л
251122477,зүгээр л
251122474,зүгээр л
251122473,зүгээр л
251122471,зүгээр л
251122469,зүгээр л
251122470,зүгээр л
251122464,зүгээр л
251122467,зүгээр л
251122458,зүгээр л
251122461,зүгээр л
251122457,зүгээр л
251122455,зүгээр л
251122452,зүгээр л
251122450,зүгээр л
251122447,зүгээр л
251122443,зүгээр л
251122442,зүгээр л
251122439,зүгээр л
80620629,игеманиак
80620629,игеманьяк
80620629,игемон
80620629,казахстан
195868087,как мы влияем на мир
195868087,как мы влияем на свою страну
80620629,кз
219176982,коб
86921899,код
219176982,колдовство
161932983,майдрийн эрин
251910887,манай
252198892,манджиев
252198551,манджиев
252197863,манджиев
201559280,маріуполь
219176982,михаил величко
241615772,михаил кукин
110402148,михаэль лайтман
251122492,монгол
251122489,монгол
251122490,монгол
251122487,монгол
251122485,монгол
251122483,монгол
251122482,монгол
251122479,монгол
251122477,монгол
251122474,монгол
251122473,монгол
251122471,монгол
251122469,монгол
251122470,монгол
251122464,монгол
251122467,монгол
251122458,монгол
251122461,монгол
251122457,монгол
251122455,монгол
251122452,монгол
251122450,монгол
251122447,монгол
251122443,монгол
251122442,монгол
251122439,монгол
250627527,монгол
256394229,монгол
252198892,монгол
252198551,монгол
252197863,монгол
252197417,монгол
252197109,монгол
252194977,монгол
251910887,монгол
251122492,монголын алтернатив цуглуулга
251122489,монголын алтернатив цуглуулга
251122490,монголын алтернатив цуглуулга
251122487,монголын алтернатив цуглуулга
251122485,монголын алтернатив цуглуулга
251122483,монголын алтернатив цуглуулга
251122482,монголын алтернатив цуглуулга
251122479,монголын алтернатив цуглуулга
251122477,монголын алтернатив цуглуулга
251122474,монголын алтернатив цуглуулга
251122473,монголын алтернатив цуглуулга
251122471,монголын алтернатив цуглуулга
251122469,монголын алтернатив цуглуулга
251122470,монголын алтернатив цуглуулга
251122464,монголын алтернатив цуглуулга
251122467,монголын алтернатив цуглуулга
251122458,монголын алтернатив цуглуулга
251122461,монголын алтернатив цуглуулга
251122457,монголын алтернатив цуглуулга
251122455,монголын алтернатив цуглуулга
251122452,монголын алтернатив цуглуулга
251122450,монголын алтернатив цуглуулга
251122447,монголын алтернатив цуглуулга
251122443,монголын алтернатив цуглуулга
251122442,монголын алтернатив цуглуулга
251122439,монголын алтернатив цуглуулга
110402148,мудрость сердца
80620629,музыка
252489107,мэндчилгээ
195868087,неосознанные люди
255530373,нийтийн
255530371,нийтийн
255530366,нийтийн
250608068,нийтийн
251989176,нийтлэл
256361516,никита вишнев
195868087,николай латанский
201559280,новини
251122492,огторгуй
251122489,огторгуй
251122490,огторгуй
251122487,огторгуй
251122485,огторгуй
251122483,огторгуй
251122482,огторгуй
251122479,огторгуй
251122477,огторгуй
251122474,огторгуй
251122473,огторгуй
251122471,огторгуй
251122469,огторгуй
251122470,огторгуй
251122464,огторгуй
251122467,огторгуй
251122458,огторгуй
251122461,огторгуй
251122457,огторгуй
251122455,огторгуй
251122452,огторгуй
251122450,огторгуй
251122447,огторгуй
251122443,огторгуй
251122442,огторгуй
251122439,огторгуй
195868087,переход границы
80620629,песня
195868087,пограничный пункт
80620629,полярный
219176982,резонанс
80620629,рэп
239179203,секретный инградиент
86921899,современность
252197863,тачал
219046696,тетяна  трощинська
80620629,то
80620629,транс
80620629,трек
80620629,трэк
251910887,төрийн
251910887,улс
251910887,улсын
219176982,физика
86921899,философия
252198892,хальмг
252197863,хальмг
252197417,хальмг
252197109,хальмг
252194977,хальмг
80620629,хаус
80620629,хип-хоп
207602898,хуун хуур ту
80620629,чб
255530373,шилдэг
255530371,шилдэг
255530366,шилдэг
254947809,шилдэг
254947710,шилдэг
254947694,шилдэг
251956940,шилдэг
250620379,шилдэг
250608068,шилдэг
241615772,євген головаха
254947809,үндэсний
254947710,үндэсний
254947694,үндэсний
251956940,үндэсний
250620379,үндэсний
110402148,זוהר לעם
110402148,חיים חדשים
110402148,חכמת הלב
110402148,נקודה שבלב
193703486,امبینت
193703486,ایرانی
193703486,راک
193703486,غمگین
193703486,فارسی
193703486,پاپ
193703486,پرشین
193703486,کانتری
253800990,‎五十嵐裕美
119179050,“真琴”・“祝詞”・“レゾナンスシンガー”“miki”
254994065,えいこく
254994065,えいこくのおんがくか
254994065,えいこくのしょうじょ
254994065,えいこくのだだのげいじゅつ
254994065,えいこくのぶんか
255012011,おまんこ
218751790,ぎおん
257026432,くりかな
252525132,しゃちょう
208908338,しゃちょう
238610889,しんのすけ
228168351,しんのすけ
255460235,ずっとテトのターン
254994065,ぜんせいあい
252525132,たくや
208908338,たくや
208856350,ちんどん
250816061,でも
254994065,とりす
254994065,とりすーあすろお
252525132,ぬるぽ
208908338,ぬるぽ
253636635,ねご
208908338,はかせ
178242315,ひとりゆらり
237310573,ひみつ
232685817,ひみつ
223358440,ひみつ
223304966,ひみつ
256980827,ひみつ少年
241834043,ひみつ少年
241832702,ひみつ少年
237321213,ひみつ少年
237310573,ひみつ少年
232687277,ひみつ少年
232685817,ひみつ少年
228026661,ひみつ少年
228025975,ひみつ少年
223358440,ひみつ少年
223304966,ひみつ少年
226204754,ふじのくに県議団
252525132,ふつおた
208908338,ふつおた
256522602,まらたろうの歌
253636635,やばきゅ
254994065,よおるおっぷのしょうじょ
61838327,らき☆すた
204112476,アイドル
253800990,アイドルマスター
253800990,アイドルマスターシンデレラガールズ
253800990,アイマス　
229085784,アコースティック
208856350,アコーディオン
201484300,アニメ
230325095,アレンジ
252525132,イオシス
208908338,イオシス
256105671,インディーズ
208856350,インプロヴィゼーション
251315255,オリジナルソング
238610889,カジュアル
228168351,カジュアル
226204754,カジュアル
255460235,カバー
209058776,キャラクターソング
209058606,キャラクターソング
246339338,キャンプ
222848819,ギター
209058776,コケくん
209058606,コケくん
208856350,サウンドトラック
208856350,サックス
256105671,ザ・スリー
208856350,ジャズ
211192272,ジャズ
207600927,ソウルミュージック
230325095,ソフトバンク
245986776,タカヒロ
230325095,ダイエー
254994065,ダダの芸術
253800990,デレマス
230325095,トラウマ
208856350,ドラム
230325095,ハリーホーク
246526968,バイノーラル
251315255,バラード
222848819,パーカッション
252609804,ヒップホップ
215084872,ヒップホップ
214049373,ヒップホップ
207601830,ヒップホップ
207600927,ヒップホップ
238610889,ピアサポート
238244548,ピアノソロ
238244357,ピアノソロ
250415842,ピノキオp
208856350,フルート
198590838,ベルハー
230325095,ホークス
195965942,ボーカロイド
255346545,ポッドキャスト
229085784,マイグラント
230325095,マッチ
230325095,マツダ
204143981,ライムベリー
204112476,ライムベリー
252525132,ラジオ
208908338,ラジオ
252609804,ラップ
215084872,ラップ
214049373,ラップ
207601830,ラップ
253797896,ラブライブ
252112935,リミックス
204143981,リリカルスクール
204112476,リリカルスクール
245986776,ロズイースト
238244548,ロダン
238244357,ロダン
253874925,ヴェノマニア公の狂気
207936990,三人吉三
38535954,中島愛
255346545,中村座
230325095,九州
245986776,二ブロ
236089425,五郎
218751790,京都
218603624,京都
255346545,人間国宝
178242315,佐藤聡美
228168351,健康長寿
253200711,光収容
255995967,六花音サクラ
226204754,共助
253802764,内蒙古
195965942,初音ミク
251170283,初音ミクv4xβ
38535954,化物語
253797896,南條愛乃
230325095,南海
230325095,博多
208856350,即興
253800990,双葉杏
208908338,夢
251974949,大変な途中下車シリーズ
226204754,宝永山
228168351,山崎
251170283,巡音ルカv4x
253636635,広島
199662830,徳島サイファー
226495417,愛知県
218771190,放課後のプレアデス
251345254,敗北の少年
225413127,新宿
256980827,日本
252609804,日本
241834043,日本
241832702,日本
237321213,日本
237310573,日本
232687277,日本
232685817,日本
228026661,日本
228025975,日本
223358440,日本
223304966,日本
215084872,日本
214049373,日本
207601830,日本
207600927,日本
257026432,日本文化
255346545,日本文化
209058776,日本語rap
209058606,日本語rap
225413127,日本語ラップ
208856350,昭和
255346545,有田焼
207936990,木ノ下裕一
38535954,村松健
208856350,東京
178242315,東北ずん子
253325567,東方
226204754,東海地震
230325095,松田宣浩
227243153,椎名林檎
257026432,横笛
257196243,歌ってみた
208856350,歌舞伎
257026432,歌舞伎
255346545,歌舞伎
230325095,歌舞伎
228524121,歌舞伎
230325095,歌舞伎打法
228524121,武士道
256980827,浜松
241834043,浜松
241832702,浜松
237669905,浜松
237321213,浜松
237310573,浜松
232687277,浜松
232685817,浜松
228026661,浜松
228025975,浜松
223358440,浜松
223304966,浜松
256980827,浜松市
241834043,浜松市
241832702,浜松市
237321213,浜松市
237310573,浜松市
232687277,浜松市
232685817,浜松市
228168351,浜松市
228025975,浜松市
223358440,浜松市
223304966,浜松市
238610889,浜松市中区
222848819,浦川裕介
254586921,深夜の2時間dtm
222848819,渡辺庸介
256522602,渡音ニワ
208856350,演劇
255346545,漫画
230325095,熱男
253802764,牧场
253802764,牧民
251170283,狼と香辛料
250415842,狼音アロ
250415842,狽音ウルシ
253802764,环境污染
226605701,球体
230325095,琵琶湖
228168351,田口章
228168351,県議
238610889,県議会議員
255346545,着物
253802764,矿山污染
218603624,祇園
257026432,福原
257026432,福原寛
255346545,福原寛
255869714,秘蜜〜黒の誓い〜
226204754,第４次被害想定
257026432,篠笛
251345254,終音コトミ
253797896,絢瀬絵里
257148765,耳のあるロボットの唄
257026432,能
226204754,自助
246339338,自転車
256730068,艦これ
228168351,若手
208856350,藤枝
253636635,蠍真夜中
255460235,言葉音ゴンチ
256736321,走行音
256735409,走行音
238610889,遊佐
228168351,遊佐ちえみ
226204754,遊佐ちえみ
231224834,邦ロック
231224834,邦楽
251663740,重音テト
252914740,闇の音
251486036,闇音レンリ
253458922,静寂音しの
256980827,静岡
256105671,静岡
253636635,静岡
252609804,静岡
241834043,静岡
241832702,静岡
237321213,静岡
237310573,静岡
232687277,静岡
232685817,静岡
229085784,静岡
228026661,静岡
228025975,静岡
223358440,静岡
223304966,静岡
220362937,静岡
215084872,静岡
214049373,静岡
208856350,静岡
207601830,静岡
207600927,静岡
245986776,静岡　下田　伊豆　神奈川　厚木　渋谷　横浜　ユニット
238610889,静岡県
226204754,静岡県議会
215084872,音楽
214049373,音楽
230313610,韻踏合組合
230325095,鷹
230325095,黄色
222848819,１２弦ギター
38535954,ｊａｚｚ